algorithm,operation,iteration,cycles
HQC-192,keypair,1,29161216
HQC-192,keypair,2,16518912
HQC-192,keypair,3,13455872
HQC-192,keypair,4,12049152
HQC-192,keypair,5,11139840
HQC-192,keypair,6,10569216
HQC-192,keypair,7,10262784
HQC-192,keypair,8,9918208
HQC-192,keypair,9,10295808
HQC-192,keypair,10,10019072
HQC-192,keypair,11,10184960
HQC-192,keypair,12,10312192
HQC-192,keypair,13,10406912
HQC-192,keypair,14,10310912
HQC-192,keypair,15,10183168
HQC-192,keypair,16,10406912
HQC-192,keypair,17,10395904
HQC-192,keypair,18,10119168
HQC-192,keypair,19,10182912
HQC-192,keypair,20,10182912
HQC-192,keypair,21,10416128
HQC-192,keypair,22,10428928
HQC-192,keypair,23,10121984
HQC-192,keypair,24,10407936
HQC-192,keypair,25,10298112
HQC-192,keypair,26,9927936
HQC-192,keypair,27,10333184
HQC-192,keypair,28,10129920
HQC-192,keypair,29,10073856
HQC-192,keypair,30,10296064
HQC-192,keypair,31,10417920
HQC-192,keypair,32,10411008
HQC-192,keypair,33,10404096
HQC-192,keypair,34,10386944
HQC-192,keypair,35,10435072
HQC-192,keypair,36,10387968
HQC-192,keypair,37,10385920
HQC-192,keypair,38,10386176
HQC-192,keypair,39,10388992
HQC-192,keypair,40,10408960
HQC-192,keypair,41,10383872
HQC-192,keypair,42,10417152
HQC-192,keypair,43,10401024
HQC-192,keypair,44,10383872
HQC-192,keypair,45,10397952
HQC-192,keypair,46,10392064
HQC-192,keypair,47,10396160
HQC-192,keypair,48,10388224
HQC-192,keypair,49,10381824
HQC-192,keypair,50,10377984
HQC-192,keypair,51,10402048
HQC-192,keypair,52,10401024
HQC-192,keypair,53,10385920
HQC-192,keypair,54,10387968
HQC-192,keypair,55,10392064
HQC-192,keypair,56,10382080
HQC-192,keypair,57,10380032
HQC-192,keypair,58,10391040
HQC-192,keypair,59,10417920
HQC-192,keypair,60,10382080
HQC-192,keypair,61,10390784
HQC-192,keypair,62,10410240
HQC-192,keypair,63,10475776
HQC-192,keypair,64,10649088
HQC-192,keypair,65,10374912
HQC-192,keypair,66,10382080
HQC-192,keypair,67,10394112
HQC-192,keypair,68,10382848
HQC-192,keypair,69,10386176
HQC-192,keypair,70,10405888
HQC-192,keypair,71,10402048
HQC-192,keypair,72,10407936
HQC-192,keypair,73,10417920
HQC-192,keypair,74,9991168
HQC-192,keypair,75,10329856
HQC-192,keypair,76,10418176
HQC-192,keypair,77,10376960
HQC-192,keypair,78,10351872
HQC-192,keypair,79,10396160
HQC-192,keypair,80,10385920
HQC-192,keypair,81,10387968
HQC-192,keypair,82,10393088
HQC-192,keypair,83,10416896
HQC-192,keypair,84,10394112
HQC-192,keypair,85,10400000
HQC-192,keypair,86,10391808
HQC-192,keypair,87,10388992
HQC-192,keypair,88,10409216
HQC-192,keypair,89,10384896
HQC-192,keypair,90,10402048
HQC-192,keypair,91,10380032
HQC-192,keypair,92,10380800
HQC-192,keypair,93,10409984
HQC-192,keypair,94,10368000
HQC-192,keypair,95,10389248
HQC-192,keypair,96,10401792
HQC-192,keypair,97,10380032
HQC-192,keypair,98,10444032
HQC-192,keypair,99,10406912
HQC-192,keypair,100,10441984
HQC-192,keypair,101,10431232
HQC-192,keypair,102,10401792
HQC-192,keypair,103,10535168
HQC-192,keypair,104,10854912
HQC-192,keypair,105,10481920
HQC-192,keypair,106,10548992
HQC-192,keypair,107,10440960
HQC-192,keypair,108,10375168
HQC-192,keypair,109,10552832
HQC-192,keypair,110,10521088
HQC-192,keypair,111,10535936
HQC-192,keypair,112,10377216
HQC-192,keypair,113,10151936
HQC-192,keypair,114,10268928
HQC-192,keypair,115,10437120
HQC-192,keypair,116,10360832
HQC-192,keypair,117,10720000
HQC-192,keypair,118,10358016
HQC-192,keypair,119,10505984
HQC-192,keypair,120,10407168
HQC-192,keypair,121,10379776
HQC-192,keypair,122,10475008
HQC-192,keypair,123,10463232
HQC-192,keypair,124,10181888
HQC-192,keypair,125,10153984
HQC-192,keypair,126,10390016
HQC-192,keypair,127,10419968
HQC-192,keypair,128,10400000
HQC-192,keypair,129,10384896
HQC-192,keypair,130,10410240
HQC-192,keypair,131,10266880
HQC-192,keypair,132,10489088
HQC-192,keypair,133,10457856
HQC-192,keypair,134,10376960
HQC-192,keypair,135,10525184
HQC-192,keypair,136,10473984
HQC-192,keypair,137,10716928
HQC-192,keypair,138,10649088
HQC-192,keypair,139,10398976
HQC-192,keypair,140,10115840
HQC-192,keypair,141,10390016
HQC-192,keypair,142,10391040
HQC-192,keypair,143,10406144
HQC-192,keypair,144,10391808
HQC-192,keypair,145,10376192
HQC-192,keypair,146,10387968
HQC-192,keypair,147,10393856
HQC-192,keypair,148,10390016
HQC-192,keypair,149,10444032
HQC-192,keypair,150,10412032
HQC-192,keypair,151,10422016
HQC-192,keypair,152,10420992
HQC-192,keypair,153,10415872
HQC-192,keypair,154,10116096
HQC-192,keypair,155,10203904
HQC-192,keypair,156,10386176
HQC-192,keypair,157,10179840
HQC-192,keypair,158,10414080
HQC-192,keypair,159,10275072
HQC-192,keypair,160,10155008
HQC-192,keypair,161,10306816
HQC-192,keypair,162,10128128
HQC-192,keypair,163,10355968
HQC-192,keypair,164,10439936
HQC-192,keypair,165,10407936
HQC-192,keypair,166,10157056
HQC-192,keypair,167,10405120
HQC-192,keypair,168,10425856
HQC-192,keypair,169,10460160
HQC-192,keypair,170,10434048
HQC-192,keypair,171,10394880
HQC-192,keypair,172,10400000
HQC-192,keypair,173,10462976
HQC-192,keypair,174,10406144
HQC-192,keypair,175,10404864
HQC-192,keypair,176,10407936
HQC-192,keypair,177,10408192
HQC-192,keypair,178,10443008
HQC-192,keypair,179,10439936
HQC-192,keypair,180,10733824
HQC-192,keypair,181,10686208
HQC-192,keypair,182,10404864
HQC-192,keypair,183,10422016
HQC-192,keypair,184,10432000
HQC-192,keypair,185,10404096
HQC-192,keypair,186,10402048
HQC-192,keypair,187,10400000
HQC-192,keypair,188,10415872
HQC-192,keypair,189,10514944
HQC-192,keypair,190,10582016
HQC-192,keypair,191,10670080
HQC-192,keypair,192,10662912
HQC-192,keypair,193,10665984
HQC-192,keypair,194,10717184
HQC-192,keypair,195,10632192
HQC-192,keypair,196,10643968
HQC-192,keypair,197,10716928
HQC-192,keypair,198,10564096
HQC-192,keypair,199,10592000
HQC-192,keypair,200,10536960
HQC-192,keypair,201,10568960
HQC-192,keypair,202,10658048
HQC-192,keypair,203,10745088
HQC-192,keypair,204,11017984
HQC-192,keypair,205,10866944
HQC-192,keypair,206,10860032
HQC-192,keypair,207,10774016
HQC-192,keypair,208,10631936
HQC-192,keypair,209,10639872
HQC-192,keypair,210,10640128
HQC-192,keypair,211,10552064
HQC-192,keypair,212,10612992
HQC-192,keypair,213,10616832
HQC-192,keypair,214,10407168
HQC-192,keypair,215,10391808
HQC-192,keypair,216,10384128
HQC-192,keypair,217,10434048
HQC-192,keypair,218,10387968
HQC-192,keypair,219,10221056
HQC-192,keypair,220,10415872
HQC-192,keypair,221,10425088
HQC-192,keypair,222,10398976
HQC-192,keypair,223,10403840
HQC-192,keypair,224,10390016
HQC-192,keypair,225,10395136
HQC-192,keypair,226,10390016
HQC-192,keypair,227,10406912
HQC-192,keypair,228,10407168
HQC-192,keypair,229,10387968
HQC-192,keypair,230,10397952
HQC-192,keypair,231,10393856
HQC-192,keypair,232,10407168
HQC-192,keypair,233,10408960
HQC-192,keypair,234,10381056
HQC-192,keypair,235,10388992
HQC-192,keypair,236,10392832
HQC-192,keypair,237,10379008
HQC-192,keypair,238,10387968
HQC-192,keypair,239,10377984
HQC-192,keypair,240,10375168
HQC-192,keypair,241,10376960
HQC-192,keypair,242,10384896
HQC-192,keypair,243,10407168
HQC-192,keypair,244,10384896
HQC-192,keypair,245,10377984
HQC-192,keypair,246,10404096
HQC-192,keypair,247,10403840
HQC-192,keypair,248,10392064
HQC-192,keypair,249,10388992
HQC-192,keypair,250,10393088
HQC-192,keypair,251,10379008
HQC-192,keypair,252,10382848
HQC-192,keypair,253,10402048
HQC-192,keypair,254,10381056
HQC-192,keypair,255,10386944
HQC-192,keypair,256,10386176
HQC-192,keypair,257,10662912
HQC-192,keypair,258,10484992
HQC-192,keypair,259,10377984
HQC-192,keypair,260,10383872
HQC-192,keypair,261,10426112
HQC-192,keypair,262,10393088
HQC-192,keypair,263,10475008
HQC-192,keypair,264,10576896
HQC-192,keypair,265,10353920
HQC-192,keypair,266,10347008
HQC-192,keypair,267,10398976
HQC-192,keypair,268,10390016
HQC-192,keypair,269,10222080
HQC-192,keypair,270,10415104
HQC-192,keypair,271,10391808
HQC-192,keypair,272,10402048
HQC-192,keypair,273,10408960
HQC-192,keypair,274,10388224
HQC-192,keypair,275,10402816
HQC-192,keypair,276,10380032
HQC-192,keypair,277,10395136
HQC-192,keypair,278,10385920
HQC-192,keypair,279,10385920
HQC-192,keypair,280,10412032
HQC-192,keypair,281,10393088
HQC-192,keypair,282,10390016
HQC-192,keypair,283,10400000
HQC-192,keypair,284,10384896
HQC-192,keypair,285,10397952
HQC-192,keypair,286,10405120
HQC-192,keypair,287,10382848
HQC-192,keypair,288,10391040
HQC-192,keypair,289,10380032
HQC-192,keypair,290,10388992
HQC-192,keypair,291,10385152
HQC-192,keypair,292,10383872
HQC-192,keypair,293,10409984
HQC-192,keypair,294,10394112
HQC-192,keypair,295,10400000
HQC-192,keypair,296,10390784
HQC-192,keypair,297,10391040
HQC-192,keypair,298,10385152
HQC-192,keypair,299,10384896
HQC-192,keypair,300,10384128
HQC-192,keypair,301,10388992
HQC-192,keypair,302,10381824
HQC-192,keypair,303,10396160
HQC-192,keypair,304,10377984
HQC-192,keypair,305,10374912
HQC-192,keypair,306,10396928
HQC-192,keypair,307,10380032
HQC-192,keypair,308,10388992
HQC-192,keypair,309,10397184
HQC-192,keypair,310,10395904
HQC-192,keypair,311,10384896
HQC-192,keypair,312,10388224
HQC-192,keypair,313,10415872
HQC-192,keypair,314,10415104
HQC-192,keypair,315,10411008
HQC-192,keypair,316,10386944
HQC-192,keypair,317,10156032
HQC-192,keypair,318,10424832
HQC-192,keypair,319,10408192
HQC-192,keypair,320,10398976
HQC-192,keypair,321,10383872
HQC-192,keypair,322,10393088
HQC-192,keypair,323,10403840
HQC-192,keypair,324,10410240
HQC-192,keypair,325,10397952
HQC-192,keypair,326,10402048
HQC-192,keypair,327,10387968
HQC-192,keypair,328,10391808
HQC-192,keypair,329,10391040
HQC-192,keypair,330,10408960
HQC-192,keypair,331,10393088
HQC-192,keypair,332,10382080
HQC-192,keypair,333,10433024
HQC-192,keypair,334,10395904
HQC-192,keypair,335,10381056
HQC-192,keypair,336,10387968
HQC-192,keypair,337,10377984
HQC-192,keypair,338,10380032
HQC-192,keypair,339,10382848
HQC-192,keypair,340,10386176
HQC-192,keypair,341,10381824
HQC-192,keypair,342,10407168
HQC-192,keypair,343,10658048
HQC-192,keypair,344,10383872
HQC-192,keypair,345,10407936
HQC-192,keypair,346,10400000
HQC-192,keypair,347,10381056
HQC-192,keypair,348,10417920
HQC-192,keypair,349,10384128
HQC-192,keypair,350,10599936
HQC-192,keypair,351,10426112
HQC-192,keypair,352,10394880
HQC-192,keypair,353,10412032
HQC-192,keypair,354,10395136
HQC-192,keypair,355,10384896
HQC-192,keypair,356,10384896
HQC-192,keypair,357,10380032
HQC-192,keypair,358,10395136
HQC-192,keypair,359,10393856
HQC-192,keypair,360,10400000
HQC-192,keypair,361,10418176
HQC-192,keypair,362,10384896
HQC-192,keypair,363,10412032
HQC-192,keypair,364,10413056
HQC-192,keypair,365,10366976
HQC-192,keypair,366,10397952
HQC-192,keypair,367,10405888
HQC-192,keypair,368,10425088
HQC-192,keypair,369,10392064
HQC-192,keypair,370,10667008
HQC-192,keypair,371,10445824
HQC-192,keypair,372,10405120
HQC-192,keypair,373,10418944
HQC-192,keypair,374,10418944
HQC-192,keypair,375,10408192
HQC-192,keypair,376,10705920
HQC-192,keypair,377,10414080
HQC-192,keypair,378,10408960
HQC-192,keypair,379,10406912
HQC-192,keypair,380,10390016
HQC-192,keypair,381,10396928
HQC-192,keypair,382,10401024
HQC-192,keypair,383,10398208
HQC-192,keypair,384,10424832
HQC-192,keypair,385,10409984
HQC-192,keypair,386,10390016
HQC-192,keypair,387,10386944
HQC-192,keypair,388,10396160
HQC-192,keypair,389,10402816
HQC-192,keypair,390,10393088
HQC-192,keypair,391,10394112
HQC-192,keypair,392,10402816
HQC-192,keypair,393,10414080
HQC-192,keypair,394,10396928
HQC-192,keypair,395,10414080
HQC-192,keypair,396,10401024
HQC-192,keypair,397,10395904
HQC-192,keypair,398,10404096
HQC-192,keypair,399,10387968
HQC-192,keypair,400,10390016
HQC-192,keypair,401,10402048
HQC-192,keypair,402,10382080
HQC-192,keypair,403,10420992
HQC-192,keypair,404,10408960
HQC-192,keypair,405,10382848
HQC-192,keypair,406,10387200
HQC-192,keypair,407,10393856
HQC-192,keypair,408,10402048
HQC-192,keypair,409,10382848
HQC-192,keypair,410,10354176
HQC-192,keypair,411,10404864
HQC-192,keypair,412,10382080
HQC-192,keypair,413,10169088
HQC-192,keypair,414,10402816
HQC-192,keypair,415,10395136
HQC-192,keypair,416,10391040
HQC-192,keypair,417,10401024
HQC-192,keypair,418,10630912
HQC-192,keypair,419,10732032
HQC-192,keypair,420,10699008
HQC-192,keypair,421,10722048
HQC-192,keypair,422,10690816
HQC-192,keypair,423,10390016
HQC-192,keypair,424,10408960
HQC-192,keypair,425,10387200
HQC-192,keypair,426,10394880
HQC-192,keypair,427,10395904
HQC-192,keypair,428,10387200
HQC-192,keypair,429,10391808
HQC-192,keypair,430,10404096
HQC-192,keypair,431,10388992
HQC-192,keypair,432,10391040
HQC-192,keypair,433,10390016
HQC-192,keypair,434,10406912
HQC-192,keypair,435,10385152
HQC-192,keypair,436,10377984
HQC-192,keypair,437,10381056
HQC-192,keypair,438,10372864
HQC-192,keypair,439,10380032
HQC-192,keypair,440,10377984
HQC-192,keypair,441,10392064
HQC-192,keypair,442,10390016
HQC-192,keypair,443,10381824
HQC-192,keypair,444,10388992
HQC-192,keypair,445,10386176
HQC-192,keypair,446,10387968
HQC-192,keypair,447,10380032
HQC-192,keypair,448,10372864
HQC-192,keypair,449,10368000
HQC-192,keypair,450,10376960
HQC-192,keypair,451,10721024
HQC-192,keypair,452,10459136
HQC-192,keypair,453,10397952
HQC-192,keypair,454,10490880
HQC-192,keypair,455,10400000
HQC-192,keypair,456,10382080
HQC-192,keypair,457,10491136
HQC-192,keypair,458,10636800
HQC-192,keypair,459,10419200
HQC-192,keypair,460,10390784
HQC-192,keypair,461,10371072
HQC-192,keypair,462,10415104
HQC-192,keypair,463,10415872
HQC-192,keypair,464,10400000
HQC-192,keypair,465,10398976
HQC-192,keypair,466,10398208
HQC-192,keypair,467,10396928
HQC-192,keypair,468,10388992
HQC-192,keypair,469,10397952
HQC-192,keypair,470,10379008
HQC-192,keypair,471,10383872
HQC-192,keypair,472,10387200
HQC-192,keypair,473,10405888
HQC-192,keypair,474,10411008
HQC-192,keypair,475,10386944
HQC-192,keypair,476,10379008
HQC-192,keypair,477,10387968
HQC-192,keypair,478,10402048
HQC-192,keypair,479,10375168
HQC-192,keypair,480,10392832
HQC-192,keypair,481,10383104
HQC-192,keypair,482,10377984
HQC-192,keypair,483,10407936
HQC-192,keypair,484,10395136
HQC-192,keypair,485,10384896
HQC-192,keypair,486,10382080
HQC-192,keypair,487,10395904
HQC-192,keypair,488,10396928
HQC-192,keypair,489,10392064
HQC-192,keypair,490,10395904
HQC-192,keypair,491,10382080
HQC-192,keypair,492,10384128
HQC-192,keypair,493,10384896
HQC-192,keypair,494,10402048
HQC-192,keypair,495,10377984
HQC-192,keypair,496,10381056
HQC-192,keypair,497,10380800
HQC-192,keypair,498,10373120
HQC-192,keypair,499,10376960
HQC-192,keypair,500,10385152
HQC-192,keypair,501,10386944
HQC-192,keypair,502,10394880
HQC-192,keypair,503,10395136
HQC-192,keypair,504,10402816
HQC-192,keypair,505,10405120
HQC-192,keypair,506,10391040
HQC-192,keypair,507,10405888
HQC-192,keypair,508,10390016
HQC-192,keypair,509,10232064
HQC-192,keypair,510,10386944
HQC-192,keypair,511,10396160
HQC-192,keypair,512,10392832
HQC-192,keypair,513,10383104
HQC-192,keypair,514,10417152
HQC-192,keypair,515,10397952
HQC-192,keypair,516,10383872
HQC-192,keypair,517,10396160
HQC-192,keypair,518,10387968
HQC-192,keypair,519,10396928
HQC-192,keypair,520,10411008
HQC-192,keypair,521,10388992
HQC-192,keypair,522,10411008
HQC-192,keypair,523,10394112
HQC-192,keypair,524,10403840
HQC-192,keypair,525,10413056
HQC-192,keypair,526,10379008
HQC-192,keypair,527,10397952
HQC-192,keypair,528,10391040
HQC-192,keypair,529,10385152
HQC-192,keypair,530,10390784
HQC-192,keypair,531,10390016
HQC-192,keypair,532,10387968
HQC-192,keypair,533,10385152
HQC-192,keypair,534,10404864
HQC-192,keypair,535,10391040
HQC-192,keypair,536,10386944
HQC-192,keypair,537,10394112
HQC-192,keypair,538,10394880
HQC-192,keypair,539,10399232
HQC-192,keypair,540,10413824
HQC-192,keypair,541,10383104
HQC-192,keypair,542,10400000
HQC-192,keypair,543,10384896
HQC-192,keypair,544,10401024
HQC-192,keypair,545,10383104
HQC-192,keypair,546,10394880
HQC-192,keypair,547,10387968
HQC-192,keypair,548,10391040
HQC-192,keypair,549,10386944
HQC-192,keypair,550,10415104
HQC-192,keypair,551,10386944
HQC-192,keypair,552,10395136
HQC-192,keypair,553,10419968
HQC-192,keypair,554,10406912
HQC-192,keypair,555,10404096
HQC-192,keypair,556,10396928
HQC-192,keypair,557,10401024
HQC-192,keypair,558,10379008
HQC-192,keypair,559,10412032
HQC-192,keypair,560,10397952
HQC-192,keypair,561,10393088
HQC-192,keypair,562,10407936
HQC-192,keypair,563,10415104
HQC-192,keypair,564,10407936
HQC-192,keypair,565,10400000
HQC-192,keypair,566,10391040
HQC-192,keypair,567,10390784
HQC-192,keypair,568,10401024
HQC-192,keypair,569,10388224
HQC-192,keypair,570,10385920
HQC-192,keypair,571,10391040
HQC-192,keypair,572,10383872
HQC-192,keypair,573,10387968
HQC-192,keypair,574,10395136
HQC-192,keypair,575,10392832
HQC-192,keypair,576,10400000
HQC-192,keypair,577,10381056
HQC-192,keypair,578,10386944
HQC-192,keypair,579,10386176
HQC-192,keypair,580,10386944
HQC-192,keypair,581,10393088
HQC-192,keypair,582,10404864
HQC-192,keypair,583,10383104
HQC-192,keypair,584,10412032
HQC-192,keypair,585,10395904
HQC-192,keypair,586,10411008
HQC-192,keypair,587,10380032
HQC-192,keypair,588,10388992
HQC-192,keypair,589,10382080
HQC-192,keypair,590,10386944
HQC-192,keypair,591,10387968
HQC-192,keypair,592,10385920
HQC-192,keypair,593,10393088
HQC-192,keypair,594,10404864
HQC-192,keypair,595,10390016
HQC-192,keypair,596,10383104
HQC-192,keypair,597,10398976
HQC-192,keypair,598,10386944
HQC-192,keypair,599,10387968
HQC-192,keypair,600,10386176
HQC-192,keypair,601,10407936
HQC-192,keypair,602,10408960
HQC-192,keypair,603,10382080
HQC-192,keypair,604,10403840
HQC-192,keypair,605,10288128
HQC-192,keypair,606,10326016
HQC-192,keypair,607,10392064
HQC-192,keypair,608,10397952
HQC-192,keypair,609,10381824
HQC-192,keypair,610,10390016
HQC-192,keypair,611,10383104
HQC-192,keypair,612,10407936
HQC-192,keypair,613,10392064
HQC-192,keypair,614,10390016
HQC-192,keypair,615,10415872
HQC-192,keypair,616,10387968
HQC-192,keypair,617,10393088
HQC-192,keypair,618,10394112
HQC-192,keypair,619,10393856
HQC-192,keypair,620,10393088
HQC-192,keypair,621,10403072
HQC-192,keypair,622,10384896
HQC-192,keypair,623,10392064
HQC-192,keypair,624,10398976
HQC-192,keypair,625,10398976
HQC-192,keypair,626,10383104
HQC-192,keypair,627,10382848
HQC-192,keypair,628,10385920
HQC-192,keypair,629,10385152
HQC-192,keypair,630,10385920
HQC-192,keypair,631,10390016
HQC-192,keypair,632,10385920
HQC-192,keypair,633,10394112
HQC-192,keypair,634,10398976
HQC-192,keypair,635,10416896
HQC-192,keypair,636,10399232
HQC-192,keypair,637,10389760
HQC-192,keypair,638,10379008
HQC-192,keypair,639,10382080
HQC-192,keypair,640,10388992
HQC-192,keypair,641,10397952
HQC-192,keypair,642,10395136
HQC-192,keypair,643,10396928
HQC-192,keypair,644,10385920
HQC-192,keypair,645,10648064
HQC-192,keypair,646,10508032
HQC-192,keypair,647,10411008
HQC-192,keypair,648,10405120
HQC-192,keypair,649,10394880
HQC-192,keypair,650,10681088
HQC-192,keypair,651,10418944
HQC-192,keypair,652,10404864
HQC-192,keypair,653,10336000
HQC-192,keypair,654,10289152
HQC-192,keypair,655,10411008
HQC-192,keypair,656,10397952
HQC-192,keypair,657,10382080
HQC-192,keypair,658,10395904
HQC-192,keypair,659,10381056
HQC-192,keypair,660,10405888
HQC-192,keypair,661,10360064
HQC-192,keypair,662,10384128
HQC-192,keypair,663,10402816
HQC-192,keypair,664,10387968
HQC-192,keypair,665,10404096
HQC-192,keypair,666,10387968
HQC-192,keypair,667,10383104
HQC-192,keypair,668,10393856
HQC-192,keypair,669,10394112
HQC-192,keypair,670,10392064
HQC-192,keypair,671,10385920
HQC-192,keypair,672,10402048
HQC-192,keypair,673,10380800
HQC-192,keypair,674,10384128
HQC-192,keypair,675,10405120
HQC-192,keypair,676,10387968
HQC-192,keypair,677,10383872
HQC-192,keypair,678,10393088
HQC-192,keypair,679,10394880
HQC-192,keypair,680,10408960
HQC-192,keypair,681,10395136
HQC-192,keypair,682,10387968
HQC-192,keypair,683,10395904
HQC-192,keypair,684,10387968
HQC-192,keypair,685,10426112
HQC-192,keypair,686,10380032
HQC-192,keypair,687,10390016
HQC-192,keypair,688,10382848
HQC-192,keypair,689,10379008
HQC-192,keypair,690,10387200
HQC-192,keypair,691,10384896
HQC-192,keypair,692,10384896
HQC-192,keypair,693,10380032
HQC-192,keypair,694,10400000
HQC-192,keypair,695,10415104
HQC-192,keypair,696,10403072
HQC-192,keypair,697,10388992
HQC-192,keypair,698,10269952
HQC-192,keypair,699,10385920
HQC-192,keypair,700,10402048
HQC-192,keypair,701,10401024
HQC-192,keypair,702,10394880
HQC-192,keypair,703,10408192
HQC-192,keypair,704,10396928
HQC-192,keypair,705,10409984
HQC-192,keypair,706,10401024
HQC-192,keypair,707,10376960
HQC-192,keypair,708,10394880
HQC-192,keypair,709,10393088
HQC-192,keypair,710,10406144
HQC-192,keypair,711,10394880
HQC-192,keypair,712,10385920
HQC-192,keypair,713,10388992
HQC-192,keypair,714,10381056
HQC-192,keypair,715,10407936
HQC-192,keypair,716,10398208
HQC-192,keypair,717,10391808
HQC-192,keypair,718,10387200
HQC-192,keypair,719,10392832
HQC-192,keypair,720,10406144
HQC-192,keypair,721,10398976
HQC-192,keypair,722,10380032
HQC-192,keypair,723,10380800
HQC-192,keypair,724,10391040
HQC-192,keypair,725,10407936
HQC-192,keypair,726,10387200
HQC-192,keypair,727,10386944
HQC-192,keypair,728,10392064
HQC-192,keypair,729,10383872
HQC-192,keypair,730,10385152
HQC-192,keypair,731,10400768
HQC-192,keypair,732,10385152
HQC-192,keypair,733,10381056
HQC-192,keypair,734,10375936
HQC-192,keypair,735,10403072
HQC-192,keypair,736,10388992
HQC-192,keypair,737,10384896
HQC-192,keypair,738,10380032
HQC-192,keypair,739,10395904
HQC-192,keypair,740,10403072
HQC-192,keypair,741,10381056
HQC-192,keypair,742,10384896
HQC-192,keypair,743,10400000
HQC-192,keypair,744,10382080
HQC-192,keypair,745,10470912
HQC-192,keypair,746,10555136
HQC-192,keypair,747,10388992
HQC-192,keypair,748,10383872
HQC-192,keypair,749,10395136
HQC-192,keypair,750,10383872
HQC-192,keypair,751,10385152
HQC-192,keypair,752,10390016
HQC-192,keypair,753,10393856
HQC-192,keypair,754,10404096
HQC-192,keypair,755,10402048
HQC-192,keypair,756,10390016
HQC-192,keypair,757,10384896
HQC-192,keypair,758,10390016
HQC-192,keypair,759,10413056
HQC-192,keypair,760,10407936
HQC-192,keypair,761,10404864
HQC-192,keypair,762,10401024
HQC-192,keypair,763,10387968
HQC-192,keypair,764,10402048
HQC-192,keypair,765,10396160
HQC-192,keypair,766,10376960
HQC-192,keypair,767,10398976
HQC-192,keypair,768,10383872
HQC-192,keypair,769,10407168
HQC-192,keypair,770,10379008
HQC-192,keypair,771,10385920
HQC-192,keypair,772,10395904
HQC-192,keypair,773,10391040
HQC-192,keypair,774,10383104
HQC-192,keypair,775,10384896
HQC-192,keypair,776,10404096
HQC-192,keypair,777,10381056
HQC-192,keypair,778,10378752
HQC-192,keypair,779,10410240
HQC-192,keypair,780,10379008
HQC-192,keypair,781,10376960
HQC-192,keypair,782,10384896
HQC-192,keypair,783,10377984
HQC-192,keypair,784,10398976
HQC-192,keypair,785,10377984
HQC-192,keypair,786,10404096
HQC-192,keypair,787,10384896
HQC-192,keypair,788,10385152
HQC-192,keypair,789,10388992
HQC-192,keypair,790,10385920
HQC-192,keypair,791,10380032
HQC-192,keypair,792,10394112
HQC-192,keypair,793,10374912
HQC-192,keypair,794,10415872
HQC-192,keypair,795,10385152
HQC-192,keypair,796,10408960
HQC-192,keypair,797,10383872
HQC-192,keypair,798,10398976
HQC-192,keypair,799,10439168
HQC-192,keypair,800,10381824
HQC-192,keypair,801,10393088
HQC-192,keypair,802,10396928
HQC-192,keypair,803,10393088
HQC-192,keypair,804,10384896
HQC-192,keypair,805,10398208
HQC-192,keypair,806,10406912
HQC-192,keypair,807,10388992
HQC-192,keypair,808,10403072
HQC-192,keypair,809,10392832
HQC-192,keypair,810,10392064
HQC-192,keypair,811,10382080
HQC-192,keypair,812,10398976
HQC-192,keypair,813,10386944
HQC-192,keypair,814,10396160
HQC-192,keypair,815,10394880
HQC-192,keypair,816,10401024
HQC-192,keypair,817,10390016
HQC-192,keypair,818,10406912
HQC-192,keypair,819,10377984
HQC-192,keypair,820,10376960
HQC-192,keypair,821,10379008
HQC-192,keypair,822,10391040
HQC-192,keypair,823,10379008
HQC-192,keypair,824,10386944
HQC-192,keypair,825,10394112
HQC-192,keypair,826,10402048
HQC-192,keypair,827,10392832
HQC-192,keypair,828,10390016
HQC-192,keypair,829,10388992
HQC-192,keypair,830,10391040
HQC-192,keypair,831,10387968
HQC-192,keypair,832,10414080
HQC-192,keypair,833,10381056
HQC-192,keypair,834,10381824
HQC-192,keypair,835,10386176
HQC-192,keypair,836,10418944
HQC-192,keypair,837,10381056
HQC-192,keypair,838,10392832
HQC-192,keypair,839,10565120
HQC-192,keypair,840,10810112
HQC-192,keypair,841,10720768
HQC-192,keypair,842,10430208
HQC-192,keypair,843,10377984
HQC-192,keypair,844,10394880
HQC-192,keypair,845,10388992
HQC-192,keypair,846,10310144
HQC-192,keypair,847,10391808
HQC-192,keypair,848,10383104
HQC-192,keypair,849,10388992
HQC-192,keypair,850,10391040
HQC-192,keypair,851,10390016
HQC-192,keypair,852,10388992
HQC-192,keypair,853,10380032
HQC-192,keypair,854,10391040
HQC-192,keypair,855,10389760
HQC-192,keypair,856,10424064
HQC-192,keypair,857,10409984
HQC-192,keypair,858,10413056
HQC-192,keypair,859,10397952
HQC-192,keypair,860,10388992
HQC-192,keypair,861,10381056
HQC-192,keypair,862,10394112
HQC-192,keypair,863,10395904
HQC-192,keypair,864,10383872
HQC-192,keypair,865,10413056
HQC-192,keypair,866,10405120
HQC-192,keypair,867,10381056
HQC-192,keypair,868,10380800
HQC-192,keypair,869,10387968
HQC-192,keypair,870,10392064
HQC-192,keypair,871,10385152
HQC-192,keypair,872,10394880
HQC-192,keypair,873,10391040
HQC-192,keypair,874,10384896
HQC-192,keypair,875,10402048
HQC-192,keypair,876,10411008
HQC-192,keypair,877,10402048
HQC-192,keypair,878,10396928
HQC-192,keypair,879,10384128
HQC-192,keypair,880,10383872
HQC-192,keypair,881,10394112
HQC-192,keypair,882,10371840
HQC-192,keypair,883,10383104
HQC-192,keypair,884,10391040
HQC-192,keypair,885,10381056
HQC-192,keypair,886,10386944
HQC-192,keypair,887,10400000
HQC-192,keypair,888,10391808
HQC-192,keypair,889,10392064
HQC-192,keypair,890,10418176
HQC-192,keypair,891,10386944
HQC-192,keypair,892,10400000
HQC-192,keypair,893,10382848
HQC-192,keypair,894,10394112
HQC-192,keypair,895,10394880
HQC-192,keypair,896,10390016
HQC-192,keypair,897,10423040
HQC-192,keypair,898,10375936
HQC-192,keypair,899,10385152
HQC-192,keypair,900,10394880
HQC-192,keypair,901,10381056
HQC-192,keypair,902,10412032
HQC-192,keypair,903,10383872
HQC-192,keypair,904,10387200
HQC-192,keypair,905,10395904
HQC-192,keypair,906,10424064
HQC-192,keypair,907,10388992
HQC-192,keypair,908,10390016
HQC-192,keypair,909,10381824
HQC-192,keypair,910,10397184
HQC-192,keypair,911,10395904
HQC-192,keypair,912,10385920
HQC-192,keypair,913,10397184
HQC-192,keypair,914,10383872
HQC-192,keypair,915,10397952
HQC-192,keypair,916,10385152
HQC-192,keypair,917,10422784
HQC-192,keypair,918,10387200
HQC-192,keypair,919,10394880
HQC-192,keypair,920,10388992
HQC-192,keypair,921,10396160
HQC-192,keypair,922,10385920
HQC-192,keypair,923,10394880
HQC-192,keypair,924,10390016
HQC-192,keypair,925,10385152
HQC-192,keypair,926,10377984
HQC-192,keypair,927,10403840
HQC-192,keypair,928,10392064
HQC-192,keypair,929,10383104
HQC-192,keypair,930,10407936
HQC-192,keypair,931,10386944
HQC-192,keypair,932,10384128
HQC-192,keypair,933,10391808
HQC-192,keypair,934,10398976
HQC-192,keypair,935,10401024
HQC-192,keypair,936,10403072
HQC-192,keypair,937,10397952
HQC-192,keypair,938,10436096
HQC-192,keypair,939,10380032
HQC-192,keypair,940,10390016
HQC-192,keypair,941,10397952
HQC-192,keypair,942,10390016
HQC-192,keypair,943,10386944
HQC-192,keypair,944,10395904
HQC-192,keypair,945,10386176
HQC-192,keypair,946,10397952
HQC-192,keypair,947,10392064
HQC-192,keypair,948,10391808
HQC-192,keypair,949,10381056
HQC-192,keypair,950,10391040
HQC-192,keypair,951,10384896
HQC-192,keypair,952,10391040
HQC-192,keypair,953,10391040
HQC-192,keypair,954,10387968
HQC-192,keypair,955,10403072
HQC-192,keypair,956,10438912
HQC-192,keypair,957,10390016
HQC-192,keypair,958,10388992
HQC-192,keypair,959,10396160
HQC-192,keypair,960,10390016
HQC-192,keypair,961,10390784
HQC-192,keypair,962,10404096
HQC-192,keypair,963,10380032
HQC-192,keypair,964,10384896
HQC-192,keypair,965,10381056
HQC-192,keypair,966,10406912
HQC-192,keypair,967,10388224
HQC-192,keypair,968,10387968
HQC-192,keypair,969,10395904
HQC-192,keypair,970,10393088
HQC-192,keypair,971,10384896
HQC-192,keypair,972,10395136
HQC-192,keypair,973,10388992
HQC-192,keypair,974,10387968
HQC-192,keypair,975,10379008
HQC-192,keypair,976,10414848
HQC-192,keypair,977,10377984
HQC-192,keypair,978,10377984
HQC-192,keypair,979,10403072
HQC-192,keypair,980,10396160
HQC-192,keypair,981,10395136
HQC-192,keypair,982,10407936
HQC-192,keypair,983,10397952
HQC-192,keypair,984,10394112
HQC-192,keypair,985,10388992
HQC-192,keypair,986,10412032
HQC-192,keypair,987,10394880
HQC-192,keypair,988,10396160
HQC-192,keypair,989,10385920
HQC-192,keypair,990,10404096
HQC-192,keypair,991,10386944
HQC-192,keypair,992,10391808
HQC-192,keypair,993,10400256
HQC-192,keypair,994,10405888
HQC-192,keypair,995,10402048
HQC-192,keypair,996,10418944
HQC-192,keypair,997,10405888
HQC-192,keypair,998,10393088
HQC-192,keypair,999,10384896
HQC-192,keypair,1000,10393088
HQC-192,encaps,1,20952064
HQC-192,encaps,2,20912896
HQC-192,encaps,3,20939008
HQC-192,encaps,4,20909056
HQC-192,encaps,5,20898048
HQC-192,encaps,6,20909824
HQC-192,encaps,7,21206016
HQC-192,encaps,8,21104128
HQC-192,encaps,9,21404928
HQC-192,encaps,10,21309952
HQC-192,encaps,11,21840128
HQC-192,encaps,12,21544960
HQC-192,encaps,13,21681920
HQC-192,encaps,14,21287168
HQC-192,encaps,15,20943872
HQC-192,encaps,16,21284096
HQC-192,encaps,17,21011968
HQC-192,encaps,18,21031936
HQC-192,encaps,19,20928000
HQC-192,encaps,20,20907008
HQC-192,encaps,21,20950016
HQC-192,encaps,22,20928000
HQC-192,encaps,23,20933120
HQC-192,encaps,24,20905984
HQC-192,encaps,25,20919808
HQC-192,encaps,26,20958976
HQC-192,encaps,27,20915200
HQC-192,encaps,28,20951040
HQC-192,encaps,29,20895744
HQC-192,encaps,30,20903168
HQC-192,encaps,31,20940032
HQC-192,encaps,32,20914944
HQC-192,encaps,33,20926976
HQC-192,encaps,34,20913920
HQC-192,encaps,35,20965120
HQC-192,encaps,36,20955904
HQC-192,encaps,37,20898048
HQC-192,encaps,38,20993024
HQC-192,encaps,39,20911104
HQC-192,encaps,40,20913920
HQC-192,encaps,41,20919040
HQC-192,encaps,42,20864000
HQC-192,encaps,43,20943872
HQC-192,encaps,44,20913152
HQC-192,encaps,45,20897024
HQC-192,encaps,46,20925952
HQC-192,encaps,47,20902912
HQC-192,encaps,48,20921088
HQC-192,encaps,49,20915968
HQC-192,encaps,50,20925952
HQC-192,encaps,51,20916992
HQC-192,encaps,52,20932096
HQC-192,encaps,53,20909824
HQC-192,encaps,54,20914176
HQC-192,encaps,55,20894976
HQC-192,encaps,56,20911872
HQC-192,encaps,57,20918016
HQC-192,encaps,58,20939008
HQC-192,encaps,59,20900096
HQC-192,encaps,60,20888832
HQC-192,encaps,61,20905216
HQC-192,encaps,62,20916992
HQC-192,encaps,63,20948992
HQC-192,encaps,64,20956928
HQC-192,encaps,65,20932864
HQC-192,encaps,66,20940032
HQC-192,encaps,67,20907008
HQC-192,encaps,68,20910080
HQC-192,encaps,69,20902912
HQC-192,encaps,70,20894976
HQC-192,encaps,71,20909056
HQC-192,encaps,72,20925952
HQC-192,encaps,73,20923136
HQC-192,encaps,74,20905984
HQC-192,encaps,75,20909056
HQC-192,encaps,76,20888832
HQC-192,encaps,77,20883200
HQC-192,encaps,78,20912896
HQC-192,encaps,79,20876032
HQC-192,encaps,80,20878080
HQC-192,encaps,81,20895744
HQC-192,encaps,82,20923136
HQC-192,encaps,83,20928000
HQC-192,encaps,84,20876032
HQC-192,encaps,85,20928000
HQC-192,encaps,86,20941056
HQC-192,encaps,87,20950784
HQC-192,encaps,88,20948224
HQC-192,encaps,89,20928000
HQC-192,encaps,90,20904960
HQC-192,encaps,91,20896000
HQC-192,encaps,92,21199872
HQC-192,encaps,93,21384192
HQC-192,encaps,94,21413888
HQC-192,encaps,95,21323008
HQC-192,encaps,96,21394944
HQC-192,encaps,97,21381120
HQC-192,encaps,98,21398784
HQC-192,encaps,99,21647104
HQC-192,encaps,100,21671936
HQC-192,encaps,101,21608192
HQC-192,encaps,102,21472000
HQC-192,encaps,103,21476864
HQC-192,encaps,104,21148928
HQC-192,encaps,105,21067008
HQC-192,encaps,106,21012224
HQC-192,encaps,107,21018880
HQC-192,encaps,108,21003008
HQC-192,encaps,109,21035008
HQC-192,encaps,110,21014016
HQC-192,encaps,111,21018880
HQC-192,encaps,112,21383168
HQC-192,encaps,113,20982016
HQC-192,encaps,114,20925952
HQC-192,encaps,115,20892928
HQC-192,encaps,116,20901120
HQC-192,encaps,117,20935936
HQC-192,encaps,118,20899840
HQC-192,encaps,119,20913152
HQC-192,encaps,120,20897024
HQC-192,encaps,121,20916992
HQC-192,encaps,122,20963072
HQC-192,encaps,123,20897792
HQC-192,encaps,124,20932096
HQC-192,encaps,125,20904960
HQC-192,encaps,126,20892928
HQC-192,encaps,127,20923136
HQC-192,encaps,128,20902912
HQC-192,encaps,129,20890112
HQC-192,encaps,130,20888832
HQC-192,encaps,131,20921088
HQC-192,encaps,132,20928000
HQC-192,encaps,133,20904960
HQC-192,encaps,134,20932096
HQC-192,encaps,135,20914944
HQC-192,encaps,136,20923904
HQC-192,encaps,137,20926976
HQC-192,encaps,138,20908032
HQC-192,encaps,139,20944128
HQC-192,encaps,140,20918016
HQC-192,encaps,141,20909824
HQC-192,encaps,142,20933120
HQC-192,encaps,143,20900096
HQC-192,encaps,144,20918784
HQC-192,encaps,145,20908032
HQC-192,encaps,146,20916992
HQC-192,encaps,147,20944128
HQC-192,encaps,148,20900096
HQC-192,encaps,149,20900864
HQC-192,encaps,150,20920064
HQC-192,encaps,151,21553920
HQC-192,encaps,152,21591040
HQC-192,encaps,153,21417984
HQC-192,encaps,154,20912896
HQC-192,encaps,155,20911104
HQC-192,encaps,156,20916992
HQC-192,encaps,157,20913920
HQC-192,encaps,158,20897024
HQC-192,encaps,159,20913152
HQC-192,encaps,160,20953856
HQC-192,encaps,161,20940032
HQC-192,encaps,162,20931072
HQC-192,encaps,163,20928000
HQC-192,encaps,164,20928000
HQC-192,encaps,165,20919040
HQC-192,encaps,166,20892928
HQC-192,encaps,167,20920064
HQC-192,encaps,168,20905984
HQC-192,encaps,169,20919040
HQC-192,encaps,170,20916992
HQC-192,encaps,171,20937984
HQC-192,encaps,172,20918016
HQC-192,encaps,173,20918016
HQC-192,encaps,174,21027840
HQC-192,encaps,175,21566976
HQC-192,encaps,176,21568000
HQC-192,encaps,177,21572096
HQC-192,encaps,178,21555968
HQC-192,encaps,179,21570048
HQC-192,encaps,180,21563904
HQC-192,encaps,181,21551104
HQC-192,encaps,182,21592832
HQC-192,encaps,183,21593088
HQC-192,encaps,184,21574144
HQC-192,encaps,185,21570816
HQC-192,encaps,186,21579008
HQC-192,encaps,187,21586176
HQC-192,encaps,188,21152000
HQC-192,encaps,189,20907776
HQC-192,encaps,190,20903168
HQC-192,encaps,191,20896000
HQC-192,encaps,192,20960000
HQC-192,encaps,193,20923904
HQC-192,encaps,194,20914944
HQC-192,encaps,195,20915968
HQC-192,encaps,196,20902144
HQC-192,encaps,197,20919040
HQC-192,encaps,198,20897024
HQC-192,encaps,199,20912896
HQC-192,encaps,200,20899072
HQC-192,encaps,201,20910848
HQC-192,encaps,202,20937216
HQC-192,encaps,203,20922880
HQC-192,encaps,204,20910080
HQC-192,encaps,205,20887808
HQC-192,encaps,206,20909056
HQC-192,encaps,207,20973056
HQC-192,encaps,208,21267968
HQC-192,encaps,209,20930048
HQC-192,encaps,210,20932096
HQC-192,encaps,211,20925952
HQC-192,encaps,212,20898048
HQC-192,encaps,213,20900864
HQC-192,encaps,214,20933120
HQC-192,encaps,215,20924928
HQC-192,encaps,216,20963072
HQC-192,encaps,217,20958976
HQC-192,encaps,218,20934912
HQC-192,encaps,219,20916992
HQC-192,encaps,220,20933120
HQC-192,encaps,221,20925952
HQC-192,encaps,222,20919040
HQC-192,encaps,223,20922880
HQC-192,encaps,224,20946944
HQC-192,encaps,225,20948224
HQC-192,encaps,226,20957952
HQC-192,encaps,227,20911872
HQC-192,encaps,228,20947968
HQC-192,encaps,229,20908032
HQC-192,encaps,230,20905984
HQC-192,encaps,231,21052160
HQC-192,encaps,232,20921856
HQC-192,encaps,233,20913920
HQC-192,encaps,234,20943104
HQC-192,encaps,235,20919040
HQC-192,encaps,236,20972032
HQC-192,encaps,237,20931072
HQC-192,encaps,238,20920832
HQC-192,encaps,239,20909056
HQC-192,encaps,240,20904960
HQC-192,encaps,241,20967936
HQC-192,encaps,242,20902144
HQC-192,encaps,243,20910848
HQC-192,encaps,244,20931072
HQC-192,encaps,245,20899072
HQC-192,encaps,246,20937984
HQC-192,encaps,247,20907008
HQC-192,encaps,248,20941056
HQC-192,encaps,249,20902912
HQC-192,encaps,250,20910080
HQC-192,encaps,251,20919808
HQC-192,encaps,252,20913152
HQC-192,encaps,253,20899840
HQC-192,encaps,254,20896000
HQC-192,encaps,255,20948224
HQC-192,encaps,256,20946944
HQC-192,encaps,257,20923904
HQC-192,encaps,258,20940032
HQC-192,encaps,259,20932096
HQC-192,encaps,260,20935936
HQC-192,encaps,261,20961024
HQC-192,encaps,262,20905984
HQC-192,encaps,263,20936960
HQC-192,encaps,264,20913920
HQC-192,encaps,265,20924160
HQC-192,encaps,266,21009920
HQC-192,encaps,267,20914944
HQC-192,encaps,268,20925952
HQC-192,encaps,269,20951040
HQC-192,encaps,270,20939008
HQC-192,encaps,271,20923136
HQC-192,encaps,272,20919808
HQC-192,encaps,273,20903168
HQC-192,encaps,274,20930816
HQC-192,encaps,275,20962048
HQC-192,encaps,276,20943104
HQC-192,encaps,277,20902912
HQC-192,encaps,278,20936960
HQC-192,encaps,279,20924928
HQC-192,encaps,280,20968192
HQC-192,encaps,281,20930816
HQC-192,encaps,282,20928000
HQC-192,encaps,283,20922112
HQC-192,encaps,284,20936960
HQC-192,encaps,285,20898048
HQC-192,encaps,286,20933888
HQC-192,encaps,287,20905984
HQC-192,encaps,288,20925184
HQC-192,encaps,289,20925952
HQC-192,encaps,290,20935936
HQC-192,encaps,291,20914944
HQC-192,encaps,292,20955136
HQC-192,encaps,293,20890880
HQC-192,encaps,294,20915968
HQC-192,encaps,295,20912128
HQC-192,encaps,296,20913920
HQC-192,encaps,297,20914944
HQC-192,encaps,298,20915200
HQC-192,encaps,299,20932864
HQC-192,encaps,300,20911104
HQC-192,encaps,301,20925952
HQC-192,encaps,302,20935936
HQC-192,encaps,303,20947968
HQC-192,encaps,304,21191168
HQC-192,encaps,305,21094912
HQC-192,encaps,306,20950016
HQC-192,encaps,307,20918016
HQC-192,encaps,308,20920064
HQC-192,encaps,309,20954880
HQC-192,encaps,310,20912128
HQC-192,encaps,311,20936960
HQC-192,encaps,312,20928000
HQC-192,encaps,313,20950016
HQC-192,encaps,314,20954880
HQC-192,encaps,315,20922112
HQC-192,encaps,316,20920832
HQC-192,encaps,317,20945152
HQC-192,encaps,318,20903936
HQC-192,encaps,319,20926976
HQC-192,encaps,320,20923136
HQC-192,encaps,321,20933888
HQC-192,encaps,322,20921088
HQC-192,encaps,323,20925952
HQC-192,encaps,324,20905984
HQC-192,encaps,325,20901120
HQC-192,encaps,326,20958976
HQC-192,encaps,327,20918016
HQC-192,encaps,328,20940800
HQC-192,encaps,329,20937216
HQC-192,encaps,330,20965888
HQC-192,encaps,331,20952064
HQC-192,encaps,332,20913920
HQC-192,encaps,333,20910080
HQC-192,encaps,334,20909824
HQC-192,encaps,335,20918016
HQC-192,encaps,336,20936192
HQC-192,encaps,337,20913920
HQC-192,encaps,338,20921088
HQC-192,encaps,339,20910848
HQC-192,encaps,340,20920064
HQC-192,encaps,341,20987904
HQC-192,encaps,342,20897024
HQC-192,encaps,343,20930048
HQC-192,encaps,344,20957952
HQC-192,encaps,345,20919040
HQC-192,encaps,346,20937984
HQC-192,encaps,347,20902144
HQC-192,encaps,348,20915968
HQC-192,encaps,349,20907008
HQC-192,encaps,350,20936960
HQC-192,encaps,351,20944896
HQC-192,encaps,352,20942080
HQC-192,encaps,353,20936960
HQC-192,encaps,354,20929024
HQC-192,encaps,355,20900864
HQC-192,encaps,356,20920064
HQC-192,encaps,357,20934144
HQC-192,encaps,358,20935936
HQC-192,encaps,359,20911872
HQC-192,encaps,360,20918016
HQC-192,encaps,361,20939008
HQC-192,encaps,362,20939008
HQC-192,encaps,363,20896000
HQC-192,encaps,364,20921088
HQC-192,encaps,365,20924928
HQC-192,encaps,366,20915968
HQC-192,encaps,367,20903168
HQC-192,encaps,368,20931840
HQC-192,encaps,369,20902144
HQC-192,encaps,370,20909824
HQC-192,encaps,371,20933120
HQC-192,encaps,372,20899072
HQC-192,encaps,373,20909824
HQC-192,encaps,374,20954112
HQC-192,encaps,375,20934912
HQC-192,encaps,376,20882176
HQC-192,encaps,377,20945920
HQC-192,encaps,378,20889856
HQC-192,encaps,379,20931072
HQC-192,encaps,380,20926976
HQC-192,encaps,381,20937984
HQC-192,encaps,382,20916992
HQC-192,encaps,383,20914176
HQC-192,encaps,384,20919808
HQC-192,encaps,385,20919040
HQC-192,encaps,386,20929024
HQC-192,encaps,387,20930048
HQC-192,encaps,388,20914944
HQC-192,encaps,389,20922112
HQC-192,encaps,390,20924928
HQC-192,encaps,391,20932096
HQC-192,encaps,392,20910848
HQC-192,encaps,393,20910080
HQC-192,encaps,394,20905984
HQC-192,encaps,395,20904960
HQC-192,encaps,396,20911872
HQC-192,encaps,397,20920064
HQC-192,encaps,398,20931072
HQC-192,encaps,399,20903936
HQC-192,encaps,400,20924160
HQC-192,encaps,401,21307904
HQC-192,encaps,402,20925952
HQC-192,encaps,403,20911104
HQC-192,encaps,404,20905984
HQC-192,encaps,405,20929024
HQC-192,encaps,406,20919808
HQC-192,encaps,407,20931072
HQC-192,encaps,408,20909056
HQC-192,encaps,409,20904960
HQC-192,encaps,410,20919040
HQC-192,encaps,411,20920064
HQC-192,encaps,412,20893952
HQC-192,encaps,413,20901888
HQC-192,encaps,414,20900096
HQC-192,encaps,415,20898048
HQC-192,encaps,416,20913920
HQC-192,encaps,417,20914944
HQC-192,encaps,418,20909056
HQC-192,encaps,419,20912896
HQC-192,encaps,420,20900096
HQC-192,encaps,421,20899072
HQC-192,encaps,422,20915968
HQC-192,encaps,423,20905984
HQC-192,encaps,424,20924928
HQC-192,encaps,425,20954112
HQC-192,encaps,426,20924928
HQC-192,encaps,427,20936960
HQC-192,encaps,428,20980992
HQC-192,encaps,429,20946176
HQC-192,encaps,430,20912896
HQC-192,encaps,431,20921088
HQC-192,encaps,432,21060864
HQC-192,encaps,433,20937984
HQC-192,encaps,434,20912128
HQC-192,encaps,435,20915968
HQC-192,encaps,436,21327872
HQC-192,encaps,437,20945152
HQC-192,encaps,438,20912896
HQC-192,encaps,439,20907008
HQC-192,encaps,440,20902144
HQC-192,encaps,441,20924928
HQC-192,encaps,442,20898048
HQC-192,encaps,443,20901888
HQC-192,encaps,444,20899072
HQC-192,encaps,445,20931072
HQC-192,encaps,446,21015808
HQC-192,encaps,447,20919040
HQC-192,encaps,448,20860928
HQC-192,encaps,449,20907008
HQC-192,encaps,450,20933120
HQC-192,encaps,451,20950016
HQC-192,encaps,452,20923904
HQC-192,encaps,453,20924160
HQC-192,encaps,454,20918784
HQC-192,encaps,455,20951040
HQC-192,encaps,456,20957952
HQC-192,encaps,457,20909056
HQC-192,encaps,458,20921088
HQC-192,encaps,459,20907008
HQC-192,encaps,460,20905984
HQC-192,encaps,461,20932864
HQC-192,encaps,462,20914176
HQC-192,encaps,463,20901888
HQC-192,encaps,464,20891136
HQC-192,encaps,465,20915968
HQC-192,encaps,466,20933888
HQC-192,encaps,467,20926976
HQC-192,encaps,468,20901120
HQC-192,encaps,469,20909824
HQC-192,encaps,470,20921088
HQC-192,encaps,471,20932096
HQC-192,encaps,472,20936960
HQC-192,encaps,473,20911872
HQC-192,encaps,474,20918016
HQC-192,encaps,475,20912128
HQC-192,encaps,476,20936960
HQC-192,encaps,477,20964864
HQC-192,encaps,478,20911104
HQC-192,encaps,479,20918016
HQC-192,encaps,480,20913920
HQC-192,encaps,481,20944128
HQC-192,encaps,482,20896000
HQC-192,encaps,483,20922880
HQC-192,encaps,484,20912128
HQC-192,encaps,485,20918016
HQC-192,encaps,486,20980992
HQC-192,encaps,487,20940800
HQC-192,encaps,488,20896000
HQC-192,encaps,489,20904192
HQC-192,encaps,490,20901888
HQC-192,encaps,491,20930048
HQC-192,encaps,492,20897024
HQC-192,encaps,493,20912896
HQC-192,encaps,494,20941056
HQC-192,encaps,495,20960000
HQC-192,encaps,496,20945920
HQC-192,encaps,497,21232128
HQC-192,encaps,498,21132032
HQC-192,encaps,499,21510912
HQC-192,encaps,500,21509120
HQC-192,encaps,501,21529856
HQC-192,encaps,502,21485056
HQC-192,encaps,503,20918016
HQC-192,encaps,504,20928000
HQC-192,encaps,505,20926976
HQC-192,encaps,506,20923904
HQC-192,encaps,507,20941056
HQC-192,encaps,508,20902144
HQC-192,encaps,509,20948224
HQC-192,encaps,510,20912896
HQC-192,encaps,511,20934912
HQC-192,encaps,512,20904192
HQC-192,encaps,513,20893952
HQC-192,encaps,514,20912896
HQC-192,encaps,515,20932096
HQC-192,encaps,516,20925952
HQC-192,encaps,517,20946944
HQC-192,encaps,518,20903936
HQC-192,encaps,519,20928000
HQC-192,encaps,520,20910080
HQC-192,encaps,521,21095936
HQC-192,encaps,522,21259008
HQC-192,encaps,523,20956160
HQC-192,encaps,524,20933888
HQC-192,encaps,525,20919040
HQC-192,encaps,526,20931072
HQC-192,encaps,527,21033984
HQC-192,encaps,528,21544960
HQC-192,encaps,529,21536000
HQC-192,encaps,530,21547008
HQC-192,encaps,531,20958976
HQC-192,encaps,532,20918016
HQC-192,encaps,533,20896000
HQC-192,encaps,534,20939008
HQC-192,encaps,535,20920064
HQC-192,encaps,536,20929792
HQC-192,encaps,537,20903168
HQC-192,encaps,538,20904960
HQC-192,encaps,539,20907008
HQC-192,encaps,540,20907008
HQC-192,encaps,541,20956928
HQC-192,encaps,542,20923136
HQC-192,encaps,543,21285888
HQC-192,encaps,544,21275136
HQC-192,encaps,545,20933888
HQC-192,encaps,546,20943872
HQC-192,encaps,547,20925184
HQC-192,encaps,548,20914944
HQC-192,encaps,549,20911104
HQC-192,encaps,550,20909824
HQC-192,encaps,551,20943104
HQC-192,encaps,552,20915968
HQC-192,encaps,553,20903936
HQC-192,encaps,554,20915968
HQC-192,encaps,555,20901120
HQC-192,encaps,556,20911872
HQC-192,encaps,557,20908032
HQC-192,encaps,558,20925952
HQC-192,encaps,559,20916224
HQC-192,encaps,560,20890880
HQC-192,encaps,561,20944128
HQC-192,encaps,562,20898816
HQC-192,encaps,563,20904960
HQC-192,encaps,564,20908032
HQC-192,encaps,565,20937984
HQC-192,encaps,566,20936192
HQC-192,encaps,567,20920832
HQC-192,encaps,568,20920064
HQC-192,encaps,569,20952064
HQC-192,encaps,570,20913920
HQC-192,encaps,571,20921088
HQC-192,encaps,572,20921856
HQC-192,encaps,573,20912128
HQC-192,encaps,574,20913920
HQC-192,encaps,575,20916992
HQC-192,encaps,576,20952064
HQC-192,encaps,577,20901888
HQC-192,encaps,578,20892160
HQC-192,encaps,579,20899840
HQC-192,encaps,580,20892160
HQC-192,encaps,581,20925952
HQC-192,encaps,582,20901888
HQC-192,encaps,583,20925184
HQC-192,encaps,584,21019904
HQC-192,encaps,585,21327872
HQC-192,encaps,586,21415168
HQC-192,encaps,587,21325056
HQC-192,encaps,588,21327872
HQC-192,encaps,589,21405952
HQC-192,encaps,590,21276160
HQC-192,encaps,591,21672960
HQC-192,encaps,592,21592832
HQC-192,encaps,593,21585152
HQC-192,encaps,594,20941056
HQC-192,encaps,595,20918016
HQC-192,encaps,596,20928000
HQC-192,encaps,597,21442816
HQC-192,encaps,598,21338112
HQC-192,encaps,599,21360896
HQC-192,encaps,600,20957952
HQC-192,encaps,601,20916224
HQC-192,encaps,602,20924928
HQC-192,encaps,603,21024000
HQC-192,encaps,604,21426944
HQC-192,encaps,605,20905984
HQC-192,encaps,606,20909056
HQC-192,encaps,607,20918016
HQC-192,encaps,608,20905984
HQC-192,encaps,609,20902912
HQC-192,encaps,610,20915968
HQC-192,encaps,611,20903168
HQC-192,encaps,612,20905984
HQC-192,encaps,613,20935936
HQC-192,encaps,614,20944896
HQC-192,encaps,615,20977152
HQC-192,encaps,616,20962048
HQC-192,encaps,617,20952832
HQC-192,encaps,618,20941056
HQC-192,encaps,619,20966144
HQC-192,encaps,620,20947968
HQC-192,encaps,621,20996864
HQC-192,encaps,622,20973056
HQC-192,encaps,623,20953088
HQC-192,encaps,624,20960000
HQC-192,encaps,625,20950016
HQC-192,encaps,626,20971008
HQC-192,encaps,627,20952832
HQC-192,encaps,628,20945152
HQC-192,encaps,629,20961792
HQC-192,encaps,630,20944128
HQC-192,encaps,631,21000960
HQC-192,encaps,632,20974080
HQC-192,encaps,633,20937984
HQC-192,encaps,634,20930048
HQC-192,encaps,635,20922880
HQC-192,encaps,636,20989952
HQC-192,encaps,637,20953088
HQC-192,encaps,638,20940032
HQC-192,encaps,639,20911872
HQC-192,encaps,640,20932096
HQC-192,encaps,641,20940032
HQC-192,encaps,642,20930048
HQC-192,encaps,643,20919808
HQC-192,encaps,644,20922112
HQC-192,encaps,645,20920064
HQC-192,encaps,646,20940800
HQC-192,encaps,647,20931072
HQC-192,encaps,648,20913152
HQC-192,encaps,649,20918784
HQC-192,encaps,650,20913152
HQC-192,encaps,651,20954880
HQC-192,encaps,652,20903168
HQC-192,encaps,653,20907008
HQC-192,encaps,654,20916992
HQC-192,encaps,655,20940800
HQC-192,encaps,656,20891136
HQC-192,encaps,657,20900864
HQC-192,encaps,658,20902144
HQC-192,encaps,659,20896000
HQC-192,encaps,660,20961024
HQC-192,encaps,661,20935936
HQC-192,encaps,662,20928000
HQC-192,encaps,663,20921088
HQC-192,encaps,664,20923904
HQC-192,encaps,665,20914944
HQC-192,encaps,666,20929024
HQC-192,encaps,667,20930048
HQC-192,encaps,668,20932096
HQC-192,encaps,669,20928768
HQC-192,encaps,670,20930048
HQC-192,encaps,671,20963072
HQC-192,encaps,672,21190912
HQC-192,encaps,673,20911104
HQC-192,encaps,674,20899072
HQC-192,encaps,675,20911872
HQC-192,encaps,676,20933120
HQC-192,encaps,677,20931840
HQC-192,encaps,678,20905216
HQC-192,encaps,679,20961792
HQC-192,encaps,680,20946176
HQC-192,encaps,681,20905984
HQC-192,encaps,682,20912896
HQC-192,encaps,683,20902912
HQC-192,encaps,684,20941056
HQC-192,encaps,685,20941056
HQC-192,encaps,686,20914944
HQC-192,encaps,687,20918016
HQC-192,encaps,688,20942080
HQC-192,encaps,689,21229056
HQC-192,encaps,690,21010944
HQC-192,encaps,691,20932864
HQC-192,encaps,692,20942080
HQC-192,encaps,693,20944128
HQC-192,encaps,694,20909824
HQC-192,encaps,695,20944128
HQC-192,encaps,696,20910848
HQC-192,encaps,697,20911104
HQC-192,encaps,698,20919040
HQC-192,encaps,699,20909824
HQC-192,encaps,700,20940032
HQC-192,encaps,701,20914944
HQC-192,encaps,702,20898048
HQC-192,encaps,703,20919040
HQC-192,encaps,704,21207040
HQC-192,encaps,705,21266944
HQC-192,encaps,706,20915968
HQC-192,encaps,707,20897024
HQC-192,encaps,708,20950016
HQC-192,encaps,709,20934912
HQC-192,encaps,710,20934144
HQC-192,encaps,711,20928000
HQC-192,encaps,712,20914944
HQC-192,encaps,713,20928000
HQC-192,encaps,714,20912128
HQC-192,encaps,715,20950784
HQC-192,encaps,716,20932096
HQC-192,encaps,717,20918016
HQC-192,encaps,718,20905984
HQC-192,encaps,719,20947968
HQC-192,encaps,720,20963072
HQC-192,encaps,721,20896000
HQC-192,encaps,722,20916992
HQC-192,encaps,723,20902912
HQC-192,encaps,724,20918016
HQC-192,encaps,725,20920064
HQC-192,encaps,726,20952064
HQC-192,encaps,727,20920064
HQC-192,encaps,728,20917760
HQC-192,encaps,729,20935168
HQC-192,encaps,730,20943872
HQC-192,encaps,731,20915200
HQC-192,encaps,732,20941824
HQC-192,encaps,733,20939008
HQC-192,encaps,734,20925952
HQC-192,encaps,735,20936960
HQC-192,encaps,736,20940032
HQC-192,encaps,737,20933120
HQC-192,encaps,738,20931072
HQC-192,encaps,739,20925952
HQC-192,encaps,740,20930048
HQC-192,encaps,741,21020928
HQC-192,encaps,742,20999936
HQC-192,encaps,743,21351936
HQC-192,encaps,744,21399040
HQC-192,encaps,745,21724928
HQC-192,encaps,746,21502208
HQC-192,encaps,747,21673984
HQC-192,encaps,748,21667840
HQC-192,encaps,749,20940032
HQC-192,encaps,750,20955136
HQC-192,encaps,751,20962816
HQC-192,encaps,752,20911104
HQC-192,encaps,753,20965888
HQC-192,encaps,754,20900096
HQC-192,encaps,755,20926976
HQC-192,encaps,756,20977152
HQC-192,encaps,757,21037824
HQC-192,encaps,758,21273088
HQC-192,encaps,759,21082880
HQC-192,encaps,760,20922112
HQC-192,encaps,761,20920064
HQC-192,encaps,762,20908800
HQC-192,encaps,763,20931072
HQC-192,encaps,764,20923136
HQC-192,encaps,765,20974848
HQC-192,encaps,766,20905984
HQC-192,encaps,767,20902144
HQC-192,encaps,768,20924928
HQC-192,encaps,769,21031936
HQC-192,encaps,770,21086976
HQC-192,encaps,771,20910080
HQC-192,encaps,772,20912896
HQC-192,encaps,773,20899072
HQC-192,encaps,774,20912128
HQC-192,encaps,775,20993024
HQC-192,encaps,776,20913920
HQC-192,encaps,777,20908032
HQC-192,encaps,778,20928000
HQC-192,encaps,779,20969984
HQC-192,encaps,780,20963072
HQC-192,encaps,781,20899840
HQC-192,encaps,782,20903936
HQC-192,encaps,783,20912128
HQC-192,encaps,784,20915968
HQC-192,encaps,785,21250048
HQC-192,encaps,786,20952064
HQC-192,encaps,787,20921856
HQC-192,encaps,788,20914944
HQC-192,encaps,789,20902144
HQC-192,encaps,790,20932864
HQC-192,encaps,791,20897024
HQC-192,encaps,792,20900096
HQC-192,encaps,793,20888064
HQC-192,encaps,794,20907008
HQC-192,encaps,795,20909824
HQC-192,encaps,796,20918016
HQC-192,encaps,797,20919040
HQC-192,encaps,798,20897024
HQC-192,encaps,799,20903936
HQC-192,encaps,800,20914176
HQC-192,encaps,801,20887808
HQC-192,encaps,802,20892160
HQC-192,encaps,803,20925952
HQC-192,encaps,804,20934912
HQC-192,encaps,805,21209088
HQC-192,encaps,806,20947968
HQC-192,encaps,807,20936960
HQC-192,encaps,808,20942080
HQC-192,encaps,809,20946944
HQC-192,encaps,810,20939008
HQC-192,encaps,811,20916992
HQC-192,encaps,812,20904960
HQC-192,encaps,813,20929024
HQC-192,encaps,814,20936960
HQC-192,encaps,815,20930048
HQC-192,encaps,816,20900096
HQC-192,encaps,817,20926976
HQC-192,encaps,818,20901888
HQC-192,encaps,819,20893184
HQC-192,encaps,820,20925952
HQC-192,encaps,821,20911872
HQC-192,encaps,822,20907008
HQC-192,encaps,823,20916992
HQC-192,encaps,824,20921088
HQC-192,encaps,825,20920832
HQC-192,encaps,826,20896000
HQC-192,encaps,827,20982016
HQC-192,encaps,828,20934144
HQC-192,encaps,829,20912896
HQC-192,encaps,830,20924160
HQC-192,encaps,831,20922880
HQC-192,encaps,832,20916992
HQC-192,encaps,833,21220096
HQC-192,encaps,834,20921856
HQC-192,encaps,835,20934144
HQC-192,encaps,836,20929024
HQC-192,encaps,837,20911872
HQC-192,encaps,838,20931072
HQC-192,encaps,839,20901888
HQC-192,encaps,840,22313984
HQC-192,encaps,841,21234176
HQC-192,encaps,842,20924928
HQC-192,encaps,843,20897024
HQC-192,encaps,844,20910080
HQC-192,encaps,845,20921856
HQC-192,encaps,846,20937984
HQC-192,encaps,847,20904960
HQC-192,encaps,848,20918016
HQC-192,encaps,849,20924160
HQC-192,encaps,850,20920832
HQC-192,encaps,851,20928000
HQC-192,encaps,852,20925952
HQC-192,encaps,853,20906240
HQC-192,encaps,854,20912896
HQC-192,encaps,855,20957952
HQC-192,encaps,856,20933120
HQC-192,encaps,857,20912896
HQC-192,encaps,858,20942080
HQC-192,encaps,859,20915968
HQC-192,encaps,860,20935936
HQC-192,encaps,861,20913920
HQC-192,encaps,862,20920064
HQC-192,encaps,863,20926976
HQC-192,encaps,864,20892928
HQC-192,encaps,865,20920064
HQC-192,encaps,866,20932096
HQC-192,encaps,867,20910080
HQC-192,encaps,868,20911872
HQC-192,encaps,869,20890112
HQC-192,encaps,870,20913920
HQC-192,encaps,871,20928000
HQC-192,encaps,872,20918016
HQC-192,encaps,873,20908032
HQC-192,encaps,874,20916992
HQC-192,encaps,875,20987904
HQC-192,encaps,876,21815040
HQC-192,encaps,877,21677056
HQC-192,encaps,878,21568000
HQC-192,encaps,879,21489920
HQC-192,encaps,880,21158912
HQC-192,encaps,881,21074176
HQC-192,encaps,882,21116928
HQC-192,encaps,883,20902912
HQC-192,encaps,884,20900096
HQC-192,encaps,885,20958976
HQC-192,encaps,886,20919040
HQC-192,encaps,887,20907008
HQC-192,encaps,888,20891904
HQC-192,encaps,889,20897024
HQC-192,encaps,890,20930048
HQC-192,encaps,891,20900096
HQC-192,encaps,892,20901888
HQC-192,encaps,893,20909056
HQC-192,encaps,894,20901888
HQC-192,encaps,895,20929024
HQC-192,encaps,896,20892928
HQC-192,encaps,897,20897024
HQC-192,encaps,898,20915968
HQC-192,encaps,899,20965120
HQC-192,encaps,900,21020928
HQC-192,encaps,901,21169152
HQC-192,encaps,902,20922880
HQC-192,encaps,903,20908032
HQC-192,encaps,904,20956928
HQC-192,encaps,905,20965120
HQC-192,encaps,906,20940032
HQC-192,encaps,907,20922880
HQC-192,encaps,908,20919040
HQC-192,encaps,909,20912128
HQC-192,encaps,910,20941824
HQC-192,encaps,911,20910080
HQC-192,encaps,912,20904960
HQC-192,encaps,913,20907008
HQC-192,encaps,914,20921088
HQC-192,encaps,915,20920832
HQC-192,encaps,916,20909056
HQC-192,encaps,917,20920064
HQC-192,encaps,918,20939008
HQC-192,encaps,919,20909056
HQC-192,encaps,920,20929024
HQC-192,encaps,921,20894976
HQC-192,encaps,922,20919808
HQC-192,encaps,923,20930048
HQC-192,encaps,924,20933120
HQC-192,encaps,925,20930816
HQC-192,encaps,926,20904192
HQC-192,encaps,927,20926976
HQC-192,encaps,928,20909056
HQC-192,encaps,929,20915968
HQC-192,encaps,930,20923904
HQC-192,encaps,931,20925952
HQC-192,encaps,932,20941056
HQC-192,encaps,933,20896000
HQC-192,encaps,934,20941056
HQC-192,encaps,935,20929024
HQC-192,encaps,936,20909824
HQC-192,encaps,937,20900096
HQC-192,encaps,938,20913920
HQC-192,encaps,939,20908032
HQC-192,encaps,940,20919040
HQC-192,encaps,941,20891136
HQC-192,encaps,942,20897792
HQC-192,encaps,943,20904192
HQC-192,encaps,944,21319936
HQC-192,encaps,945,21850880
HQC-192,encaps,946,20997120
HQC-192,encaps,947,20929024
HQC-192,encaps,948,20932864
HQC-192,encaps,949,21198080
HQC-192,encaps,950,21238016
HQC-192,encaps,951,20932864
HQC-192,encaps,952,20920064
HQC-192,encaps,953,20944128
HQC-192,encaps,954,20929024
HQC-192,encaps,955,20904960
HQC-192,encaps,956,20901888
HQC-192,encaps,957,20913920
HQC-192,encaps,958,20940032
HQC-192,encaps,959,20942080
HQC-192,encaps,960,20905984
HQC-192,encaps,961,20903936
HQC-192,encaps,962,20904192
HQC-192,encaps,963,21239808
HQC-192,encaps,964,21543168
HQC-192,encaps,965,21334016
HQC-192,encaps,966,20902912
HQC-192,encaps,967,20912128
HQC-192,encaps,968,20893952
HQC-192,encaps,969,20909824
HQC-192,encaps,970,20962048
HQC-192,encaps,971,20944128
HQC-192,encaps,972,20911872
HQC-192,encaps,973,20925952
HQC-192,encaps,974,20936192
HQC-192,encaps,975,20928000
HQC-192,encaps,976,20910848
HQC-192,encaps,977,20946944
HQC-192,encaps,978,21246208
HQC-192,encaps,979,20924928
HQC-192,encaps,980,20918016
HQC-192,encaps,981,20919040
HQC-192,encaps,982,20925952
HQC-192,encaps,983,20937984
HQC-192,encaps,984,20915968
HQC-192,encaps,985,20923904
HQC-192,encaps,986,20934144
HQC-192,encaps,987,20918016
HQC-192,encaps,988,20908032
HQC-192,encaps,989,20929024
HQC-192,encaps,990,20929024
HQC-192,encaps,991,20905984
HQC-192,encaps,992,20914944
HQC-192,encaps,993,20899072
HQC-192,encaps,994,20939776
HQC-192,encaps,995,20944128
HQC-192,encaps,996,21020928
HQC-192,encaps,997,20935936
HQC-192,encaps,998,20928000
HQC-192,encaps,999,21187072
HQC-192,encaps,1000,20928000
HQC-192,decaps,1,32748032
HQC-192,decaps,2,33042944
HQC-192,decaps,3,32705024
HQC-192,decaps,4,32774144
HQC-192,decaps,5,32914944
HQC-192,decaps,6,32695040
HQC-192,decaps,7,32705024
HQC-192,decaps,8,32748800
HQC-192,decaps,9,32748032
HQC-192,decaps,10,32688128
HQC-192,decaps,11,32694016
HQC-192,decaps,12,32776960
HQC-192,decaps,13,32732928
HQC-192,decaps,14,32720896
HQC-192,decaps,15,32690176
HQC-192,decaps,16,32724992
HQC-192,decaps,17,32731904
HQC-192,decaps,18,32696064
HQC-192,decaps,19,32708864
HQC-192,decaps,20,32723200
HQC-192,decaps,21,32681984
HQC-192,decaps,22,32702976
HQC-192,decaps,23,32692992
HQC-192,decaps,24,32716032
HQC-192,decaps,25,32720896
HQC-192,decaps,26,32667904
HQC-192,decaps,27,32719104
HQC-192,decaps,28,32742912
HQC-192,decaps,29,32719104
HQC-192,decaps,30,33044992
HQC-192,decaps,31,32781056
HQC-192,decaps,32,33669888
HQC-192,decaps,33,32756992
HQC-192,decaps,34,32685056
HQC-192,decaps,35,32699904
HQC-192,decaps,36,32690176
HQC-192,decaps,37,32706048
HQC-192,decaps,38,32693760
HQC-192,decaps,39,32701184
HQC-192,decaps,40,32667904
HQC-192,decaps,41,32710912
HQC-192,decaps,42,32711168
HQC-192,decaps,43,32721920
HQC-192,decaps,44,32721152
HQC-192,decaps,45,32732928
HQC-192,decaps,46,32696064
HQC-192,decaps,47,32793856
HQC-192,decaps,48,32998912
HQC-192,decaps,49,32703232
HQC-192,decaps,50,32697856
HQC-192,decaps,51,32737024
HQC-192,decaps,52,32717056
HQC-192,decaps,53,32845056
HQC-192,decaps,54,33452800
HQC-192,decaps,55,33359104
HQC-192,decaps,56,33369088
HQC-192,decaps,57,33454848
HQC-192,decaps,58,33810944
HQC-192,decaps,59,33936128
HQC-192,decaps,60,33387008
HQC-192,decaps,61,33028864
HQC-192,decaps,62,32756992
HQC-192,decaps,63,32720128
HQC-192,decaps,64,32740096
HQC-192,decaps,65,32716800
HQC-192,decaps,66,32727040
HQC-192,decaps,67,32717056
HQC-192,decaps,68,32698112
HQC-192,decaps,69,32710912
HQC-192,decaps,70,32737024
HQC-192,decaps,71,32694016
HQC-192,decaps,72,32712960
HQC-192,decaps,73,32788992
HQC-192,decaps,74,32729088
HQC-192,decaps,75,32715008
HQC-192,decaps,76,32741888
HQC-192,decaps,77,32731904
HQC-192,decaps,78,32712192
HQC-192,decaps,79,32732928
HQC-192,decaps,80,32694016
HQC-192,decaps,81,32706048
HQC-192,decaps,82,32723968
HQC-192,decaps,83,32716032
HQC-192,decaps,84,32709888
HQC-192,decaps,85,32689920
HQC-192,decaps,86,32706048
HQC-192,decaps,87,32668160
HQC-192,decaps,88,32716800
HQC-192,decaps,89,32740096
HQC-192,decaps,90,32728064
HQC-192,decaps,91,32718848
HQC-192,decaps,92,32698112
HQC-192,decaps,93,32701952
HQC-192,decaps,94,32709120
HQC-192,decaps,95,32732928
HQC-192,decaps,96,32698880
HQC-192,decaps,97,32969216
HQC-192,decaps,98,32727808
HQC-192,decaps,99,32680192
HQC-192,decaps,100,32997888
HQC-192,decaps,101,32685056
HQC-192,decaps,102,32706816
HQC-192,decaps,103,32740096
HQC-192,decaps,104,32748032
HQC-192,decaps,105,32837888
HQC-192,decaps,106,32729088
HQC-192,decaps,107,32701952
HQC-192,decaps,108,32754176
HQC-192,decaps,109,33120000
HQC-192,decaps,110,32722944
HQC-192,decaps,111,32718848
HQC-192,decaps,112,32698112
HQC-192,decaps,113,32722944
HQC-192,decaps,114,32742912
HQC-192,decaps,115,32701184
HQC-192,decaps,116,32683008
HQC-192,decaps,117,32709888
HQC-192,decaps,118,32724992
HQC-192,decaps,119,32726016
HQC-192,decaps,120,32712960
HQC-192,decaps,121,32715008
HQC-192,decaps,122,32705024
HQC-192,decaps,123,32728064
HQC-192,decaps,124,32704000
HQC-192,decaps,125,32873984
HQC-192,decaps,126,32701952
HQC-192,decaps,127,32761088
HQC-192,decaps,128,32680960
HQC-192,decaps,129,32700928
HQC-192,decaps,130,32736000
HQC-192,decaps,131,32685056
HQC-192,decaps,132,32704000
HQC-192,decaps,133,32737024
HQC-192,decaps,134,32758016
HQC-192,decaps,135,32731904
HQC-192,decaps,136,32708096
HQC-192,decaps,137,32726016
HQC-192,decaps,138,32697088
HQC-192,decaps,139,32741888
HQC-192,decaps,140,32702976
HQC-192,decaps,141,32701952
HQC-192,decaps,142,32722176
HQC-192,decaps,143,32759808
HQC-192,decaps,144,32775168
HQC-192,decaps,145,32758016
HQC-192,decaps,146,32724992
HQC-192,decaps,147,32687872
HQC-192,decaps,148,32679936
HQC-192,decaps,149,32717056
HQC-192,decaps,150,32719104
HQC-192,decaps,151,32695808
HQC-192,decaps,152,32758016
HQC-192,decaps,153,32681216
HQC-192,decaps,154,32689920
HQC-192,decaps,155,32700928
HQC-192,decaps,156,32688128
HQC-192,decaps,157,32668928
HQC-192,decaps,158,32700928
HQC-192,decaps,159,32658944
HQC-192,decaps,160,32676096
HQC-192,decaps,161,32676096
HQC-192,decaps,162,32705024
HQC-192,decaps,163,32678912
HQC-192,decaps,164,32708096
HQC-192,decaps,165,32728832
HQC-192,decaps,166,32722944
HQC-192,decaps,167,32731136
HQC-192,decaps,168,32700928
HQC-192,decaps,169,32699136
HQC-192,decaps,170,32712960
HQC-192,decaps,171,33097984
HQC-192,decaps,172,32699904
HQC-192,decaps,173,32691968
HQC-192,decaps,174,32704000
HQC-192,decaps,175,32701184
HQC-192,decaps,176,32689920
HQC-192,decaps,177,32691968
HQC-192,decaps,178,32701952
HQC-192,decaps,179,32733952
HQC-192,decaps,180,32713216
HQC-192,decaps,181,32729856
HQC-192,decaps,182,32701952
HQC-192,decaps,183,32719104
HQC-192,decaps,184,32726016
HQC-192,decaps,185,32711936
HQC-192,decaps,186,32696064
HQC-192,decaps,187,32687872
HQC-192,decaps,188,32677120
HQC-192,decaps,189,32811008
HQC-192,decaps,190,32711936
HQC-192,decaps,191,32704000
HQC-192,decaps,192,32654080
HQC-192,decaps,193,32699904
HQC-192,decaps,194,32711936
HQC-192,decaps,195,32764160
HQC-192,decaps,196,32724992
HQC-192,decaps,197,32718080
HQC-192,decaps,198,32695808
HQC-192,decaps,199,32687104
HQC-192,decaps,200,32736000
HQC-192,decaps,201,32708096
HQC-192,decaps,202,32691968
HQC-192,decaps,203,32727808
HQC-192,decaps,204,32675072
HQC-192,decaps,205,32668928
HQC-192,decaps,206,32712192
HQC-192,decaps,207,32660992
HQC-192,decaps,208,32678912
HQC-192,decaps,209,32673024
HQC-192,decaps,210,32719872
HQC-192,decaps,211,32718080
HQC-192,decaps,212,32699136
HQC-192,decaps,213,32755968
HQC-192,decaps,214,32722944
HQC-192,decaps,215,32695040
HQC-192,decaps,216,32726016
HQC-192,decaps,217,32706816
HQC-192,decaps,218,32689152
HQC-192,decaps,219,32696832
HQC-192,decaps,220,32704000
HQC-192,decaps,221,32684032
HQC-192,decaps,222,32709120
HQC-192,decaps,223,32712960
HQC-192,decaps,224,32683008
HQC-192,decaps,225,32722944
HQC-192,decaps,226,32717056
HQC-192,decaps,227,32701952
HQC-192,decaps,228,32698112
HQC-192,decaps,229,32713984
HQC-192,decaps,230,32684032
HQC-192,decaps,231,32698880
HQC-192,decaps,232,33052928
HQC-192,decaps,233,32770048
HQC-192,decaps,234,32707072
HQC-192,decaps,235,32688896
HQC-192,decaps,236,32679168
HQC-192,decaps,237,32719872
HQC-192,decaps,238,32726016
HQC-192,decaps,239,32705024
HQC-192,decaps,240,32668928
HQC-192,decaps,241,32738048
HQC-192,decaps,242,32990976
HQC-192,decaps,243,32706048
HQC-192,decaps,244,32722944
HQC-192,decaps,245,32720128
HQC-192,decaps,246,32729856
HQC-192,decaps,247,32721152
HQC-192,decaps,248,32716032
HQC-192,decaps,249,32674816
HQC-192,decaps,250,32691200
HQC-192,decaps,251,32712960
HQC-192,decaps,252,32712960
HQC-192,decaps,253,32710912
HQC-192,decaps,254,32705024
HQC-192,decaps,255,32717056
HQC-192,decaps,256,32756992
HQC-192,decaps,257,32716032
HQC-192,decaps,258,32709888
HQC-192,decaps,259,32712192
HQC-192,decaps,260,32704000
HQC-192,decaps,261,32719872
HQC-192,decaps,262,32732928
HQC-192,decaps,263,33086976
HQC-192,decaps,264,32946176
HQC-192,decaps,265,32677888
HQC-192,decaps,266,32700160
HQC-192,decaps,267,32707840
HQC-192,decaps,268,32686080
HQC-192,decaps,269,32696064
HQC-192,decaps,270,32738816
HQC-192,decaps,271,32734976
HQC-192,decaps,272,32719104
HQC-192,decaps,273,32710912
HQC-192,decaps,274,32715008
HQC-192,decaps,275,32730112
HQC-192,decaps,276,32758016
HQC-192,decaps,277,32743936
HQC-192,decaps,278,32707072
HQC-192,decaps,279,32679936
HQC-192,decaps,280,32711936
HQC-192,decaps,281,33613056
HQC-192,decaps,282,33617920
HQC-192,decaps,283,33091072
HQC-192,decaps,284,32712960
HQC-192,decaps,285,32718080
HQC-192,decaps,286,32771840
HQC-192,decaps,287,32753152
HQC-192,decaps,288,32679936
HQC-192,decaps,289,32717056
HQC-192,decaps,290,32719872
HQC-192,decaps,291,32704000
HQC-192,decaps,292,32707072
HQC-192,decaps,293,32689152
HQC-192,decaps,294,33091840
HQC-192,decaps,295,32719104
HQC-192,decaps,296,32707840
HQC-192,decaps,297,32670976
HQC-192,decaps,298,32679168
HQC-192,decaps,299,32705024
HQC-192,decaps,300,32695040
HQC-192,decaps,301,32693760
HQC-192,decaps,302,32799232
HQC-192,decaps,303,32807936
HQC-192,decaps,304,32903936
HQC-192,decaps,305,33392128
HQC-192,decaps,306,33843968
HQC-192,decaps,307,33651968
HQC-192,decaps,308,33530880
HQC-192,decaps,309,32887040
HQC-192,decaps,310,32700928
HQC-192,decaps,311,32779008
HQC-192,decaps,312,32772096
HQC-192,decaps,313,32754944
HQC-192,decaps,314,32704000
HQC-192,decaps,315,32730112
HQC-192,decaps,316,32706048
HQC-192,decaps,317,32788992
HQC-192,decaps,318,32744960
HQC-192,decaps,319,32738048
HQC-192,decaps,320,32737792
HQC-192,decaps,321,32723200
HQC-192,decaps,322,32709888
HQC-192,decaps,323,32704000
HQC-192,decaps,324,32711936
HQC-192,decaps,325,32680192
HQC-192,decaps,326,32677888
HQC-192,decaps,327,32706048
HQC-192,decaps,328,32669952
HQC-192,decaps,329,32807936
HQC-192,decaps,330,32712960
HQC-192,decaps,331,32724992
HQC-192,decaps,332,32704000
HQC-192,decaps,333,33046016
HQC-192,decaps,334,33036032
HQC-192,decaps,335,32716032
HQC-192,decaps,336,32742912
HQC-192,decaps,337,32722176
HQC-192,decaps,338,32730880
HQC-192,decaps,339,32719104
HQC-192,decaps,340,32676864
HQC-192,decaps,341,32676096
HQC-192,decaps,342,32686080
HQC-192,decaps,343,32719872
HQC-192,decaps,344,32692992
HQC-192,decaps,345,32688896
HQC-192,decaps,346,32696064
HQC-192,decaps,347,32742144
HQC-192,decaps,348,32736000
HQC-192,decaps,349,32694016
HQC-192,decaps,350,32705792
HQC-192,decaps,351,32694016
HQC-192,decaps,352,32722176
HQC-192,decaps,353,32718848
HQC-192,decaps,354,32675072
HQC-192,decaps,355,32796928
HQC-192,decaps,356,32950016
HQC-192,decaps,357,32684032
HQC-192,decaps,358,32679936
HQC-192,decaps,359,32708096
HQC-192,decaps,360,32679936
HQC-192,decaps,361,32699136
HQC-192,decaps,362,32706816
HQC-192,decaps,363,32745984
HQC-192,decaps,364,32731136
HQC-192,decaps,365,32702976
HQC-192,decaps,366,32754944
HQC-192,decaps,367,32699904
HQC-192,decaps,368,32915200
HQC-192,decaps,369,33463040
HQC-192,decaps,370,33381888
HQC-192,decaps,371,33423104
HQC-192,decaps,372,33470976
HQC-192,decaps,373,33799936
HQC-192,decaps,374,33590016
HQC-192,decaps,375,33377024
HQC-192,decaps,376,32914944
HQC-192,decaps,377,32749056
HQC-192,decaps,378,32760832
HQC-192,decaps,379,32729088
HQC-192,decaps,380,32713984
HQC-192,decaps,381,32712960
HQC-192,decaps,382,32729088
HQC-192,decaps,383,32741888
HQC-192,decaps,384,32730112
HQC-192,decaps,385,32729088
HQC-192,decaps,386,32723968
HQC-192,decaps,387,32715008
HQC-192,decaps,388,32742912
HQC-192,decaps,389,32710912
HQC-192,decaps,390,32708096
HQC-192,decaps,391,32719872
HQC-192,decaps,392,32707072
HQC-192,decaps,393,32731136
HQC-192,decaps,394,32779008
HQC-192,decaps,395,32709888
HQC-192,decaps,396,32709888
HQC-192,decaps,397,32706048
HQC-192,decaps,398,32751104
HQC-192,decaps,399,32726016
HQC-192,decaps,400,32739072
HQC-192,decaps,401,32736768
HQC-192,decaps,402,32741120
HQC-192,decaps,403,32728064
HQC-192,decaps,404,32744960
HQC-192,decaps,405,32702976
HQC-192,decaps,406,32705024
HQC-192,decaps,407,32718848
HQC-192,decaps,408,32808192
HQC-192,decaps,409,32754944
HQC-192,decaps,410,32736000
HQC-192,decaps,411,32705024
HQC-192,decaps,412,32750080
HQC-192,decaps,413,32747776
HQC-192,decaps,414,32760064
HQC-192,decaps,415,32721920
HQC-192,decaps,416,32722176
HQC-192,decaps,417,33063936
HQC-192,decaps,418,32711936
HQC-192,decaps,419,32691200
HQC-192,decaps,420,32737792
HQC-192,decaps,421,32719104
HQC-192,decaps,422,32728064
HQC-192,decaps,423,32744960
HQC-192,decaps,424,32742912
HQC-192,decaps,425,32747008
HQC-192,decaps,426,32741888
HQC-192,decaps,427,32743168
HQC-192,decaps,428,32786944
HQC-192,decaps,429,32734976
HQC-192,decaps,430,32748032
HQC-192,decaps,431,32712960
HQC-192,decaps,432,32736000
HQC-192,decaps,433,32744960
HQC-192,decaps,434,32723200
HQC-192,decaps,435,32723968
HQC-192,decaps,436,32731904
HQC-192,decaps,437,32720896
HQC-192,decaps,438,32704000
HQC-192,decaps,439,32805120
HQC-192,decaps,440,32734976
HQC-192,decaps,441,32749056
HQC-192,decaps,442,32749056
HQC-192,decaps,443,32733952
HQC-192,decaps,444,32701952
HQC-192,decaps,445,33181952
HQC-192,decaps,446,33511936
HQC-192,decaps,447,33027072
HQC-192,decaps,448,32730112
HQC-192,decaps,449,32713984
HQC-192,decaps,450,32718848
HQC-192,decaps,451,32723968
HQC-192,decaps,452,32801024
HQC-192,decaps,453,33481216
HQC-192,decaps,454,32758784
HQC-192,decaps,455,33484032
HQC-192,decaps,456,34441984
HQC-192,decaps,457,33698048
HQC-192,decaps,458,33701120
HQC-192,decaps,459,33451008
HQC-192,decaps,460,32713984
HQC-192,decaps,461,32729856
HQC-192,decaps,462,32893952
HQC-192,decaps,463,33020160
HQC-192,decaps,464,32739840
HQC-192,decaps,465,32718080
HQC-192,decaps,466,32715008
HQC-192,decaps,467,32690944
HQC-192,decaps,468,32700160
HQC-192,decaps,469,33036032
HQC-192,decaps,470,32775936
HQC-192,decaps,471,32747008
HQC-192,decaps,472,32724992
HQC-192,decaps,473,32707072
HQC-192,decaps,474,32755968
HQC-192,decaps,475,32739840
HQC-192,decaps,476,32756992
HQC-192,decaps,477,32753152
HQC-192,decaps,478,33015808
HQC-192,decaps,479,32840192
HQC-192,decaps,480,32728064
HQC-192,decaps,481,32719872
HQC-192,decaps,482,32728064
HQC-192,decaps,483,32709888
HQC-192,decaps,484,32807936
HQC-192,decaps,485,32743168
HQC-192,decaps,486,32976896
HQC-192,decaps,487,32694016
HQC-192,decaps,488,32722944
HQC-192,decaps,489,32822016
HQC-192,decaps,490,32740096
HQC-192,decaps,491,32722944
HQC-192,decaps,492,32726016
HQC-192,decaps,493,32736000
HQC-192,decaps,494,32720896
HQC-192,decaps,495,32736000
HQC-192,decaps,496,32742144
HQC-192,decaps,497,32704000
HQC-192,decaps,498,32701952
HQC-192,decaps,499,32697088
HQC-192,decaps,500,32776960
HQC-192,decaps,501,32753920
HQC-192,decaps,502,32686080
HQC-192,decaps,503,32698880
HQC-192,decaps,504,32699136
HQC-192,decaps,505,32684800
HQC-192,decaps,506,32926976
HQC-192,decaps,507,32709120
HQC-192,decaps,508,32692992
HQC-192,decaps,509,32719104
HQC-192,decaps,510,32672768
HQC-192,decaps,511,32698112
HQC-192,decaps,512,32678144
HQC-192,decaps,513,32661760
HQC-192,decaps,514,32699136
HQC-192,decaps,515,32751104
HQC-192,decaps,516,32749824
HQC-192,decaps,517,32698112
HQC-192,decaps,518,32689920
HQC-192,decaps,519,32702976
HQC-192,decaps,520,32750080
HQC-192,decaps,521,32708864
HQC-192,decaps,522,32733184
HQC-192,decaps,523,32674816
HQC-192,decaps,524,32688128
HQC-192,decaps,525,32715008
HQC-192,decaps,526,32699904
HQC-192,decaps,527,32679936
HQC-192,decaps,528,32711168
HQC-192,decaps,529,32694016
HQC-192,decaps,530,32723968
HQC-192,decaps,531,32721920
HQC-192,decaps,532,32713984
HQC-192,decaps,533,32742144
HQC-192,decaps,534,32690944
HQC-192,decaps,535,32724992
HQC-192,decaps,536,32711936
HQC-192,decaps,537,32704000
HQC-192,decaps,538,32737024
HQC-192,decaps,539,32753920
HQC-192,decaps,540,33068032
HQC-192,decaps,541,32740096
HQC-192,decaps,542,32719872
HQC-192,decaps,543,32715008
HQC-192,decaps,544,32712192
HQC-192,decaps,545,32762880
HQC-192,decaps,546,32718080
HQC-192,decaps,547,32772864
HQC-192,decaps,548,32736000
HQC-192,decaps,549,32715008
HQC-192,decaps,550,32745984
HQC-192,decaps,551,32744192
HQC-192,decaps,552,32719872
HQC-192,decaps,553,32716032
HQC-192,decaps,554,32710912
HQC-192,decaps,555,32716032
HQC-192,decaps,556,32732160
HQC-192,decaps,557,32749824
HQC-192,decaps,558,32710144
HQC-192,decaps,559,32695040
HQC-192,decaps,560,32762112
HQC-192,decaps,561,33059072
HQC-192,decaps,562,32723968
HQC-192,decaps,563,32752896
HQC-192,decaps,564,32741120
HQC-192,decaps,565,32721920
HQC-192,decaps,566,32731904
HQC-192,decaps,567,32752128
HQC-192,decaps,568,32718080
HQC-192,decaps,569,32719872
HQC-192,decaps,570,32759040
HQC-192,decaps,571,32720896
HQC-192,decaps,572,32691200
HQC-192,decaps,573,32712960
HQC-192,decaps,574,32713984
HQC-192,decaps,575,32711936
HQC-192,decaps,576,32780032
HQC-192,decaps,577,32741888
HQC-192,decaps,578,33340160
HQC-192,decaps,579,32717824
HQC-192,decaps,580,32687104
HQC-192,decaps,581,32685056
HQC-192,decaps,582,32697856
HQC-192,decaps,583,32719104
HQC-192,decaps,584,32700928
HQC-192,decaps,585,32687104
HQC-192,decaps,586,32808960
HQC-192,decaps,587,32688128
HQC-192,decaps,588,32716800
HQC-192,decaps,589,32741120
HQC-192,decaps,590,32673024
HQC-192,decaps,591,32715008
HQC-192,decaps,592,32743936
HQC-192,decaps,593,32708096
HQC-192,decaps,594,32732928
HQC-192,decaps,595,32745984
HQC-192,decaps,596,32720896
HQC-192,decaps,597,32700160
HQC-192,decaps,598,32683008
HQC-192,decaps,599,32697856
HQC-192,decaps,600,32728064
HQC-192,decaps,601,32786944
HQC-192,decaps,602,32995072
HQC-192,decaps,603,32697088
HQC-192,decaps,604,32678912
HQC-192,decaps,605,32705024
HQC-192,decaps,606,32687872
HQC-192,decaps,607,32791040
HQC-192,decaps,608,32723968
HQC-192,decaps,609,32723968
HQC-192,decaps,610,32705024
HQC-192,decaps,611,32711168
HQC-192,decaps,612,32695808
HQC-192,decaps,613,32718080
HQC-192,decaps,614,32701952
HQC-192,decaps,615,33000960
HQC-192,decaps,616,32686080
HQC-192,decaps,617,32731136
HQC-192,decaps,618,32705792
HQC-192,decaps,619,32710144
HQC-192,decaps,620,32684032
HQC-192,decaps,621,32701952
HQC-192,decaps,622,32750080
HQC-192,decaps,623,32739840
HQC-192,decaps,624,32720128
HQC-192,decaps,625,32719872
HQC-192,decaps,626,32718080
HQC-192,decaps,627,32740096
HQC-192,decaps,628,32706816
HQC-192,decaps,629,32695040
HQC-192,decaps,630,32695040
HQC-192,decaps,631,32698112
HQC-192,decaps,632,32704768
HQC-192,decaps,633,32713216
HQC-192,decaps,634,32700928
HQC-192,decaps,635,32689920
HQC-192,decaps,636,32686080
HQC-192,decaps,637,32731904
HQC-192,decaps,638,32733184
HQC-192,decaps,639,32718848
HQC-192,decaps,640,32745984
HQC-192,decaps,641,32708096
HQC-192,decaps,642,32696064
HQC-192,decaps,643,32710912
HQC-192,decaps,644,32686080
HQC-192,decaps,645,32699904
HQC-192,decaps,646,32707072
HQC-192,decaps,647,32697856
HQC-192,decaps,648,32702976
HQC-192,decaps,649,32684032
HQC-192,decaps,650,32715008
HQC-192,decaps,651,32711168
HQC-192,decaps,652,32728832
HQC-192,decaps,653,32721152
HQC-192,decaps,654,32732928
HQC-192,decaps,655,32723968
HQC-192,decaps,656,32763904
HQC-192,decaps,657,32712192
HQC-192,decaps,658,32695808
HQC-192,decaps,659,32702208
HQC-192,decaps,660,32701952
HQC-192,decaps,661,33628928
HQC-192,decaps,662,33688064
HQC-192,decaps,663,34061056
HQC-192,decaps,664,33691904
HQC-192,decaps,665,33678080
HQC-192,decaps,666,33027840
HQC-192,decaps,667,32690176
HQC-192,decaps,668,32722944
HQC-192,decaps,669,32744960
HQC-192,decaps,670,32724992
HQC-192,decaps,671,32992000
HQC-192,decaps,672,32720896
HQC-192,decaps,673,32698112
HQC-192,decaps,674,32700928
HQC-192,decaps,675,32734976
HQC-192,decaps,676,32713984
HQC-192,decaps,677,32702976
HQC-192,decaps,678,32733184
HQC-192,decaps,679,32718848
HQC-192,decaps,680,32705024
HQC-192,decaps,681,32754944
HQC-192,decaps,682,32678144
HQC-192,decaps,683,32837888
HQC-192,decaps,684,33438208
HQC-192,decaps,685,33392128
HQC-192,decaps,686,33380864
HQC-192,decaps,687,33422080
HQC-192,decaps,688,33979136
HQC-192,decaps,689,33411840
HQC-192,decaps,690,32701952
HQC-192,decaps,691,33489152
HQC-192,decaps,692,33344000
HQC-192,decaps,693,32709888
HQC-192,decaps,694,32710144
HQC-192,decaps,695,32745984
HQC-192,decaps,696,32688896
HQC-192,decaps,697,32690944
HQC-192,decaps,698,32734208
HQC-192,decaps,699,32893952
HQC-192,decaps,700,33271040
HQC-192,decaps,701,32733952
HQC-192,decaps,702,32717056
HQC-192,decaps,703,32705024
HQC-192,decaps,704,32723968
HQC-192,decaps,705,32710912
HQC-192,decaps,706,32678912
HQC-192,decaps,707,32726016
HQC-192,decaps,708,32684032
HQC-192,decaps,709,32691968
HQC-192,decaps,710,32713984
HQC-192,decaps,711,32680960
HQC-192,decaps,712,32669184
HQC-192,decaps,713,32713984
HQC-192,decaps,714,32723968
HQC-192,decaps,715,33009920
HQC-192,decaps,716,32748032
HQC-192,decaps,717,32743936
HQC-192,decaps,718,32740096
HQC-192,decaps,719,32759040
HQC-192,decaps,720,32761088
HQC-192,decaps,721,32715776
HQC-192,decaps,722,32716032
HQC-192,decaps,723,32763136
HQC-192,decaps,724,32844800
HQC-192,decaps,725,32979200
HQC-192,decaps,726,32701952
HQC-192,decaps,727,32669952
HQC-192,decaps,728,32715008
HQC-192,decaps,729,32707072
HQC-192,decaps,730,32700928
HQC-192,decaps,731,32690944
HQC-192,decaps,732,32752128
HQC-192,decaps,733,32707072
HQC-192,decaps,734,32701952
HQC-192,decaps,735,32708864
HQC-192,decaps,736,32711168
HQC-192,decaps,737,32658944
HQC-192,decaps,738,32702976
HQC-192,decaps,739,32745984
HQC-192,decaps,740,32705024
HQC-192,decaps,741,32704000
HQC-192,decaps,742,32697088
HQC-192,decaps,743,32673792
HQC-192,decaps,744,32722176
HQC-192,decaps,745,32748800
HQC-192,decaps,746,32688128
HQC-192,decaps,747,32683008
HQC-192,decaps,748,32711936
HQC-192,decaps,749,32722944
HQC-192,decaps,750,32700160
HQC-192,decaps,751,32701952
HQC-192,decaps,752,32687104
HQC-192,decaps,753,32696832
HQC-192,decaps,754,32697088
HQC-192,decaps,755,32689920
HQC-192,decaps,756,32678144
HQC-192,decaps,757,32670976
HQC-192,decaps,758,32688896
HQC-192,decaps,759,32712960
HQC-192,decaps,760,32819968
HQC-192,decaps,761,32914176
HQC-192,decaps,762,32700928
HQC-192,decaps,763,32688896
HQC-192,decaps,764,32753152
HQC-192,decaps,765,32678912
HQC-192,decaps,766,32674048
HQC-192,decaps,767,32694016
HQC-192,decaps,768,32685056
HQC-192,decaps,769,32670976
HQC-192,decaps,770,32660992
HQC-192,decaps,771,32736000
HQC-192,decaps,772,33167872
HQC-192,decaps,773,33490944
HQC-192,decaps,774,33771008
HQC-192,decaps,775,33918208
HQC-192,decaps,776,33426944
HQC-192,decaps,777,32765952
HQC-192,decaps,778,32776960
HQC-192,decaps,779,32776960
HQC-192,decaps,780,32756992
HQC-192,decaps,781,32697088
HQC-192,decaps,782,32699904
HQC-192,decaps,783,32751104
HQC-192,decaps,784,32727040
HQC-192,decaps,785,32743936
HQC-192,decaps,786,33190912
HQC-192,decaps,787,32745984
HQC-192,decaps,788,32696064
HQC-192,decaps,789,32754944
HQC-192,decaps,790,32728064
HQC-192,decaps,791,32702976
HQC-192,decaps,792,32691968
HQC-192,decaps,793,32712192
HQC-192,decaps,794,32701952
HQC-192,decaps,795,32728832
HQC-192,decaps,796,32745216
HQC-192,decaps,797,32683008
HQC-192,decaps,798,32681984
HQC-192,decaps,799,32681984
HQC-192,decaps,800,32696832
HQC-192,decaps,801,32697088
HQC-192,decaps,802,32997888
HQC-192,decaps,803,32930048
HQC-192,decaps,804,33383168
HQC-192,decaps,805,33726976
HQC-192,decaps,806,33743872
HQC-192,decaps,807,33485056
HQC-192,decaps,808,32698112
HQC-192,decaps,809,32702976
HQC-192,decaps,810,32722944
HQC-192,decaps,811,32727040
HQC-192,decaps,812,32716032
HQC-192,decaps,813,32684800
HQC-192,decaps,814,32713216
HQC-192,decaps,815,32724992
HQC-192,decaps,816,32708096
HQC-192,decaps,817,32706048
HQC-192,decaps,818,32726016
HQC-192,decaps,819,32691968
HQC-192,decaps,820,32751872
HQC-192,decaps,821,32744192
HQC-192,decaps,822,32722944
HQC-192,decaps,823,32726016
HQC-192,decaps,824,32741888
HQC-192,decaps,825,32752128
HQC-192,decaps,826,32753920
HQC-192,decaps,827,32722944
HQC-192,decaps,828,32719104
HQC-192,decaps,829,32699904
HQC-192,decaps,830,32713984
HQC-192,decaps,831,32715008
HQC-192,decaps,832,32740096
HQC-192,decaps,833,32712960
HQC-192,decaps,834,32733952
HQC-192,decaps,835,32754176
HQC-192,decaps,836,32743936
HQC-192,decaps,837,32736000
HQC-192,decaps,838,32690944
HQC-192,decaps,839,32713984
HQC-192,decaps,840,32706048
HQC-192,decaps,841,32740864
HQC-192,decaps,842,32693248
HQC-192,decaps,843,32671744
HQC-192,decaps,844,32716032
HQC-192,decaps,845,32732160
HQC-192,decaps,846,32688896
HQC-192,decaps,847,32838144
HQC-192,decaps,848,32956928
HQC-192,decaps,849,32689920
HQC-192,decaps,850,32772096
HQC-192,decaps,851,32713984
HQC-192,decaps,852,32737024
HQC-192,decaps,853,32783872
HQC-192,decaps,854,32754944
HQC-192,decaps,855,32766208
HQC-192,decaps,856,32752896
HQC-192,decaps,857,32793088
HQC-192,decaps,858,32731904
HQC-192,decaps,859,32750080
HQC-192,decaps,860,32736000
HQC-192,decaps,861,32733952
HQC-192,decaps,862,32702976
HQC-192,decaps,863,32748032
HQC-192,decaps,864,33298944
HQC-192,decaps,865,32738048
HQC-192,decaps,866,32965888
HQC-192,decaps,867,32816128
HQC-192,decaps,868,32733952
HQC-192,decaps,869,32941056
HQC-192,decaps,870,33090048
HQC-192,decaps,871,32755968
HQC-192,decaps,872,32781056
HQC-192,decaps,873,32715776
HQC-192,decaps,874,33576192
HQC-192,decaps,875,32969984
HQC-192,decaps,876,32759040
HQC-192,decaps,877,32768000
HQC-192,decaps,878,32726784
HQC-192,decaps,879,32734208
HQC-192,decaps,880,32739840
HQC-192,decaps,881,32755968
HQC-192,decaps,882,32755968
HQC-192,decaps,883,32711168
HQC-192,decaps,884,32716032
HQC-192,decaps,885,32759040
HQC-192,decaps,886,32731904
HQC-192,decaps,887,32737024
HQC-192,decaps,888,32760064
HQC-192,decaps,889,32758016
HQC-192,decaps,890,32724992
HQC-192,decaps,891,32752896
HQC-192,decaps,892,32702976
HQC-192,decaps,893,32727040
HQC-192,decaps,894,32739072
HQC-192,decaps,895,32741888
HQC-192,decaps,896,32751104
HQC-192,decaps,897,32747776
HQC-192,decaps,898,33009152
HQC-192,decaps,899,33193984
HQC-192,decaps,900,32699904
HQC-192,decaps,901,32726016
HQC-192,decaps,902,32709120
HQC-192,decaps,903,32704000
HQC-192,decaps,904,32731904
HQC-192,decaps,905,32719872
HQC-192,decaps,906,32689152
HQC-192,decaps,907,32718848
HQC-192,decaps,908,32722176
HQC-192,decaps,909,33063936
HQC-192,decaps,910,32680960
HQC-192,decaps,911,32733952
HQC-192,decaps,912,32719104
HQC-192,decaps,913,32755968
HQC-192,decaps,914,32942080
HQC-192,decaps,915,32869888
HQC-192,decaps,916,32707072
HQC-192,decaps,917,32730880
HQC-192,decaps,918,32733184
HQC-192,decaps,919,32710912
HQC-192,decaps,920,32730880
HQC-192,decaps,921,32699136
HQC-192,decaps,922,32702976
HQC-192,decaps,923,32717056
HQC-192,decaps,924,32759040
HQC-192,decaps,925,32692992
HQC-192,decaps,926,32722944
HQC-192,decaps,927,32782080
HQC-192,decaps,928,32750848
HQC-192,decaps,929,32733952
HQC-192,decaps,930,32721152
HQC-192,decaps,931,32719872
HQC-192,decaps,932,32723968
HQC-192,decaps,933,32752128
HQC-192,decaps,934,32718080
HQC-192,decaps,935,32705792
HQC-192,decaps,936,32732160
HQC-192,decaps,937,32723968
HQC-192,decaps,938,32720896
HQC-192,decaps,939,32737024
HQC-192,decaps,940,32722944
HQC-192,decaps,941,32701184
HQC-192,decaps,942,32770816
HQC-192,decaps,943,32739072
HQC-192,decaps,944,32701952
HQC-192,decaps,945,32697088
HQC-192,decaps,946,32696064
HQC-192,decaps,947,32724992
HQC-192,decaps,948,32673024
HQC-192,decaps,949,32715008
HQC-192,decaps,950,32685824
HQC-192,decaps,951,32691968
HQC-192,decaps,952,32809984
HQC-192,decaps,953,32675072
HQC-192,decaps,954,32656128
HQC-192,decaps,955,32652800
HQC-192,decaps,956,32675072
HQC-192,decaps,957,32716032
HQC-192,decaps,958,32830976
HQC-192,decaps,959,32715008
HQC-192,decaps,960,32700928
HQC-192,decaps,961,32704000
HQC-192,decaps,962,32712192
HQC-192,decaps,963,32687872
HQC-192,decaps,964,33009920
HQC-192,decaps,965,33028096
HQC-192,decaps,966,32706048
HQC-192,decaps,967,32690944
HQC-192,decaps,968,32680960
HQC-192,decaps,969,32715008
HQC-192,decaps,970,32696064
HQC-192,decaps,971,33063936
HQC-192,decaps,972,32691968
HQC-192,decaps,973,32698112
HQC-192,decaps,974,32692992
HQC-192,decaps,975,32713984
HQC-192,decaps,976,32704000
HQC-192,decaps,977,32713984
HQC-192,decaps,978,32710912
HQC-192,decaps,979,32700160
HQC-192,decaps,980,32697856
HQC-192,decaps,981,32709120
HQC-192,decaps,982,32681984
HQC-192,decaps,983,32716032
HQC-192,decaps,984,32691968
HQC-192,decaps,985,32664064
HQC-192,decaps,986,32698880
HQC-192,decaps,987,32705024
HQC-192,decaps,988,32740864
HQC-192,decaps,989,32770048
HQC-192,decaps,990,32741120
HQC-192,decaps,991,32728064
HQC-192,decaps,992,32715008
HQC-192,decaps,993,32730880
HQC-192,decaps,994,32736000
HQC-192,decaps,995,32715008
HQC-192,decaps,996,32684032
HQC-192,decaps,997,32720896
HQC-192,decaps,998,32690944
HQC-192,decaps,999,32685056
HQC-192,decaps,1000,32696064
